id,alpha,delta,diameter
Sh 2-171,1.17545,67.14496,180
Sh 2-172,3.87181,61.24446,1
Sh 2-173,5.4616,61.72722,30
Sh 2-175,6.83171,64.69321,2
Sh 2-176,7.92248,57.2759,10
Sh 2-177,7.9364,62.69256,2
BFS 20,8.65939,69.44208,1
Sh 2-179,10.10702,62.85764,1
BFS 21,10.83068,61.90703,1
Sh 2-180,12.20162,62.92241,15
Sh 2-181,12.3145,65.20564,15
Sh 2-182,12.56441,64.73872,2
Sh 2-184,13.20904,56.6047,40
Sh 2-183,13.50472,65.70439,35
Sh 2-185,14.99156,60.98599,120
Sh 2-186,17.19857,63.13311,1
Sh 2-187,20.77064,61.84427,10
Sh 2-188,22.66089,58.35759,9
BFS 22,31.55442,69.02177,2
Sh 2-189,33.02339,64.16793,2
BFS 23,35.58245,59.91097,2
Sh 2-190,38.35313,61.43635,150
Sh 2-191,39.16135,59.63389,2
BFS 24,39.66655,64.03245,20
Sh 2-195,40.01659,59.61461,3
Sh 2-197,40.46945,59.61321,5
Sh 2-192,41.8094,61.9757,1
Sh 2-194,41.83385,61.92562,2
Sh 2-193,41.88515,61.99212,2
Sh 2-198,42.5081,59.69007,9
Sh 2-196,42.92032,62.20545,4
Sh 2-199,43.62432,60.40309,120
BFS 25,44.21673,58.90109,2
Sh 2-201,45.78861,60.47912,5
BFS 27,46.69635,56.77589,90
BFS 26,46.86417,58.50867,4
Sh 2-200,47.66115,62.80597,6
BFS 30,49.59692,54.08211,3
Sh 2-202,49.69892,59.63186,170
Sh 2-203,50.49287,54.87882,45
BFS 31,51.21781,54.95945,2
BFS 29,52.46073,58.8715,30
BFS 28,52.5148,59.70465,20
BFS 32,57.90559,51.49979,1.5
BFS 35,58.64551,42.09659,3
Sh 2-204,58.93582,57.42904,40
Sh 2-205,59.03215,53.1952,120
BFS 36,58.98023,42.17854,3
BFS 37,59.83037,41.94167,3
BFS 33,59.99205,51.55784,1.5
BFS 38,59.94729,41.94118,3
BFS 39,60.21125,42.05675,3
BFS 41,60.25212,41.93991,3
Sh 2-220,60.31776,36.40622,320
Sh 2-206,60.79196,51.32114,50
Sh 2-245,60.63273,4.12126,720
BFS 34,61.79998,51.40021,5
Sh 2-209,62.77101,51.16271,14
Sh 2-215,64.39514,42.60552,2
Sh 2-208,64.94781,52.96999,1
Sh 2-213,65.16607,44.91885,1
Sh 2-214,65.38675,44.36787,4
Sh 2-238,65.50492,19.5337,1
BFS 42,66.99087,46.32748,8
Sh 2-222,67.54656,35.25815,6
Sh 2-210,67.75001,52.5409,20
Sh 2-239,67.8244,18.1067,5
Sh 2-251,68.2168,5.85482,35
Sh 2-211,69.23408,50.88418,2
BFS 40,69.60246,48.66579,2
Sh 2-212,70.13125,50.46344,5
Sh 2-250,70.0488,7.29654,10
Sh 2-216,71.24514,46.80826,80
BFS 44,72.91107,45.5839,5
BFS 43,73.73522,46.66343,15
Sh 2-260,73.79186,5.6626,22
Sh 2-219,74.05553,47.39529,3
Sh 2-217,74.68761,47.99236,9
Sh 2-246,75.53294,14.08788,65
Sh 2-262,76.69465,6.16566,20
BFS 45,77.51705,38.82886,0.5
Sh 2-226,77.75243,37.98606,3
Sh 2-228,78.37382,37.44144,8
Sh 2-229,79.07766,34.45471,65
Sh 2-227,79.96166,38.95057,20
Sh 2-278,79.93836,-5.64988,50
Sh 2-263,80.43095,8.39791,22
Sh 2-230,80.62636,34.13064,300
Sh 2-236,80.64607,33.36387,55
Sh 2-225,81.75133,40.6087,10
Sh 2-234,82.02917,34.42392,12
Sh 2-276,81.87142,-3.95913,1200
Sh 2-237,82.90333,34.24471,7
Sh 2-264,83.81393,9.93167,390
Sh 2-281,83.7391,-5.45148,60
Sh 2-279,83.84234,-4.7853,20
Sh 2-233,84.7157,35.861,2
Sh 2-231,84.84111,35.91039,12
Sh 2-243,84.8347,23.2769,6
Sh 2-218,85.32249,52.1751,70
BFS 47,85.20605,35.65862,0.7
BFS 46,85.22297,35.69187,0.3
Sh 2-235,85.26575,35.84167,10
Sh 2-277,85.17869,-2.44174,120
Sh 2-232,85.61844,36.18997,40
BFS 50,87.56344,23.84702,0.3
BFS 48,87.82455,25.72911,0.5
Sh 2-242,87.95733,27.01182,7
BFS 49,90.49553,26.41615,0.5
Sh 2-241,91.0279,30.24695,10
Sh 2-268,92.55648,13.32263,60
Sh 2-247,92.12581,21.60816,9
Sh 2-252,92.41956,20.49006,40
Sh 2-270,92.55383,12.80597,1
Sh 2-265,92.55648,13.32263,70
Sh 2-259,92.90296,17.43767,2
Sh 2-254,93.08116,18.03681,11
Sh 2-256,93.15562,17.93645,1
Sh 2-257,93.20579,17.96954,3
Sh 2-255,93.28078,17.96918,3
Sh 2-258,93.3805,17.91869,1
Sh 2-269,93.63397,13.81741,4
BFS 52,93.68641,19.01722,1
Sh 2-271,93.72655,12.36694,2
Sh 2-272,93.77646,12.35004,1
BFS 51,94.68971,23.36242,10
Sh 2-266,94.71646,15.27885,1
Sh 2-249,95.23382,23.07644,80
Sh 2-253,96.44152,20.02056,5
Sh 2-275,97.93946,4.92982,100
Sh 2-280,98.57783,2.52672,40
Sh 2-282,99.49782,1.48895,35
Sh 2-283,99.61906,0.70503,3
Sh 2-273,100.21357,9.90229,250
Sh 2-304,100.8682,-24.11792,200
BFS 53,101.14609,1.13106,2
Sh 2-284,101.2668,0.23048,80
Sh 2-289,101.48061,-7.32063,11
BFS 54,101.72195,1.31165,3
BFS 60,102.48753,-7.64209,1
Sh 2-303,103.50396,-22.41376,90
Sh 2-308,103.5455,-23.93064,35
Sh 2-286,103.64426,-4.53087,6
Sh 2-285,103.81337,-0.49829,1
Sh 2-291,103.85262,-8.01523,8
BFS 55,104.31494,-2.81735,25
BFS 63,104.31366,-8.33407,10
BFS 61,104.51978,-7.93504,1
BFS 56,104.8181,-3.91973,0.3
BFS 57,104.82187,-4.00308,1
BFS 59,104.85812,-4.26992,3
Sh 2-287,104.89317,-4.78676,12
BFS 62,104.92473,-7.78694,2
BFS 64,105.14048,-8.85464,5
BFS 58,105.22678,-3.85499,3
Sh 2-293,105.43702,-11.30606,11
Sh 2-295,105.66134,-11.45711,8
Sh 2-292,106.11639,-10.44256,21
Sh 2-297,106.30728,-12.32681,7
Sh 2-296,106.43775,-11.21074,200
Sh 2-288,107.14574,-4.29729,1
Sh 2-301,107.45196,-18.46554,9
Sh 2-310,108.26976,-24.56941,480
Sh 2-294,109.14698,-9.43994,7
Sh 2-298,109.60405,-13.22541,22
Sh 2-305,112.52951,-18.52209,4
Sh 2-306,112.65166,-19.10598,30
Sh 2-299,112.67045,-15.28936,1
Sh 2-300,112.76994,-15.40647,3
Sh 2-302,112.9124,-16.97379,21
Sh 2-309,113.0253,-19.42433,12
Sh 2-307,113.87927,-18.7448,6
Sh 2-311,118.09354,-26.43,45
Sh 2-312,134.79556,-25.67856,720
Sh 2-1,239.70773,-26.1087,150
Sh 2-33,239.97218,-1.60734,35
Sh 2-7,240.09216,-22.94039,240
Sh 2-36,241.36383,0.38189,45
Sh 2-24,242.77103,-7.06216,30
Sh 2-73,242.79128,21.87157,75
Sh 2-23,243.35192,-8.35967,50
Sh 2-9,245.28615,-25.58476,80
Sh 2-27,249.28898,-10.56669,480
Sh 2-2,255.60157,-38.10458,60
Sh 2-3,258.08157,-38.45955,12
Sh 2-10,259.32501,-34.02022,60
Sh 2-4,259.58939,-39.30239,5
Sh 2-5,259.6829,-38.46859,100
Sh 2-8,259.96354,-35.8672,120
BFS 65,260.14548,-38.96639,6
Sh 2-11,261.25249,-34.211,90
Sh 2-13,262.2848,-31.53933,40
Sh 2-12,263.49196,-32.53354,120
Sh 2-17,266.29371,-28.85326,25
Sh 2-16,266.62162,-29.30168,20
Sh 2-20,266.79316,-28.75084,10
Sh 2-18,266.87113,-29.21713,4
Sh 2-19,267.02062,-29.13307,12
Sh 2-15,267.23484,-31.3154,30
Sh 2-21,267.59411,-28.88028,5
Sh 2-22,268.34534,-24.97658,60
Sh 2-26,269.58644,-23.43719,20
Sh 2-28,270.13634,-23.41785,40
BFS 1,270.48788,-23.68282,2
Sh 2-30,270.63403,-23.01543,20
Sh 2-25,271.09165,-24.32989,90
Sh 2-46,271.53592,-14.14426,25
Sh 2-34,271.75132,-21.65998,90
Sh 2-38,272.18259,-18.25784,3
Sh 2-29,272.41442,-23.95679,40
Sh 2-32,272.43758,-23.64001,8
Sh 2-31,272.53844,-23.78952,8
Sh 2-42,272.57482,-16.80592,3
Sh 2-40,273.00475,-17.73717,15
Sh 2-70,273.65643,7.04963,5
Sh 2-41,273.95734,-18.23256,90
Sh 2-35,273.96832,-20.2492,20
Sh 2-43,274.10287,-17.39851,15
Sh 2-44,274.12433,-16.73173,60
Sh 2-39,274.20965,-18.66467,3
Sh 2-37,274.44033,-19.71357,20
Sh 2-47,274.44342,-15.6135,5
Sh 2-54,274.47347,-11.72997,140
Sh 2-49,274.65984,-13.96243,90
Sh 2-45,275.19621,-16.15986,60
Sh 2-48,275.58792,-14.57461,10
Sh 2-53,276.30589,-13.22112,15
Sh 2-68,276.28674,0.84562,8
Sh 2-50,276.38849,-14.70407,35
Sh 2-62,276.9093,-3.81809,4
Sh 2-57,277.63269,-8.61466,2
Sh 2-56,277.76311,-9.71404,7
Sh 2-58,277.85692,-8.46358,8
Sh 2-64,277.90007,-1.91329,25
Sh 2-55,278.04831,-11.76269,5
Sh 2-61,278.33987,-4.97788,2
Sh 2-60,279.17314,-6.69056,20
Sh 2-59,279.25252,-7.59019,20
Sh 2-51,280.19742,-16.55243,35
Sh 2-69,281.11723,-0.28118,20
Sh 2-66,281.37541,-1.99663,8
Sh 2-65,281.73368,-3.72828,7
Sh 2-67,282.35204,-2.34198,10
Sh 2-76,284.10389,7.79976,7
Sh 2-75,284.80734,7.10307,10
Sh 2-78,285.79844,14.12446,12
Sh 2-85,285.81119,25.82467,6
Sh 2-72,285.95513,2.3084,25
Sh 2-74,287.21484,5.59764,3
Sh 2-79,290.82617,13.96434,40
Sh 2-83,291.1423,20.78252,2
Sh 2-94,291.95789,31.45301,25
Sh 2-96,292.1754,32.68734,25
Sh 2-82,292.58106,18.25566,9
Sh 2-91,293.89626,29.595,120
Sh 2-86,295.78303,23.26993,40
Sh 2-88,296.47282,25.33963,25
Sh 2-87,296.60174,24.62352,10
Sh 2-92,296.65718,28.24047,50
Sh 2-77,297.06107,1.14195,8
Sh 2-84,297.25857,18.39297,15
Sh 2-90,297.31555,26.85997,6
Sh 2-89,297.51784,26.47751,5
Sh 2-93,298.7654,27.19954,1
Sh 2-97,299.02384,30.25067,10
Sh 2-63,299.42725,-14.11469,55
Sh 2-98,299.69307,31.42019,15
Sh 2-101,299.99516,35.28818,20
Sh 2-99,300.20662,33.48905,5
Sh 2-81,300.31575,11.78929,10
Sh 2-100,300.45692,33.50677,4
BFS 2,301.2162,29.17656,5
Sh 2-105,303.00619,38.33404,18
Sh 2-104,304.41935,36.73974,7
Sh 2-108,305.64931,40.24469,180
Sh 2-106,306.87059,37.38278,3
BFS 3,306.98885,30.5165,1
Sh 2-102,307.93588,30.6035,40
Sh 2-109,308.40549,40.33873,1080
Sh 2-112,308.46779,45.6557,15
Sh 2-115,308.63365,46.87302,50
Sh 2-107,310.68547,36.33058,5
Sh 2-130,310.84961,63.21498,3
Sh 2-117,314.69749,44.31168,240
BFS 4,315.29602,50.36382,0.5
Sh 2-120,315.9361,49.86599,1
Sh 2-121,316.31425,49.66726,1
BFS 9,315.70679,59.51537,1
Sh 2-129,317.94372,59.95615,140
BFS 5,318.51542,47.94116,1
Sh 2-136,319.11041,68.26012,5
Sh 2-119,319.61683,43.92797,160
BFS 7,320.05592,55.47947,5
Sh 2-110,320.2023,32.44639,50
Sh 2-113,320.19925,38.41308,15
Sh 2-114,320.2981,38.69673,9
Sh 2-127,322.17527,54.61927,2
Sh 2-133,322.23712,64.30295,80
Sh 2-128,323.0439,55.85518,1
BFS 6,324.07395,52.44146,3
Sh 2-118,324.25298,40.20854,480
Sh 2-124,324.59592,50.34292,70
Sh 2-131,324.73863,57.47673,170
BFS 8,325.30842,52.57826,5
Sh 2-111,325.47408,30.09525,90
Sh 2-123,325.58565,44.52897,13
BFS 11,325.73333,66.11296,10
Sh 2-125,328.38234,47.26975,9
BFS 10,329.09897,58.02165,1
Sh 2-137,329.29031,64.68888,90
Sh 2-134,332.87568,59.39725,160
Sh 2-132,334.68784,56.1178,90
Sh 2-140,334.77978,63.26805,30
Sh 2-135,335.44932,58.76939,15
Sh 2-145,336.38343,64.30462,90
Sh 2-141,337.16488,61.63944,5
Sh 2-178,334.93172,87.75429,420
Sh 2-150,337.78832,65.1073,40
Sh 2-138,338.17113,58.47462,1
Sh 2-126,338.35822,38.5749,160
Sh 2-139,338.72603,58.34228,25
Sh 2-144,341.2101,59.87979,4
Sh 2-142,341.90095,58.04752,30
Sh 2-143,342.38095,57.7649,4
Sh 2-146,342.36901,59.91489,2
BFS 12,342.75125,59.16545,12
Sh 2-154,342.84032,61.16559,60
BFS 13,343.08378,59.01593,15
Sh 2-147,343.91374,58.46709,2
Sh 2-148,344.06455,58.53396,2
Sh 2-149,344.08966,58.55066,1
Sh 2-155,344.16785,62.60078,60
Sh 2-152,344.69303,58.80146,2
Sh 2-153,344.81932,58.73496,5
BFS 14,345.52129,59.46917,70
Sh 2-151,345.75861,57.06946,20
BFS 16,345.94522,60.40302,1.5
BFS 15,346.18628,60.06998,0.5
Sh 2-156,346.29884,60.25344,2
BFS 19,346.31421,60.55346,2
Sh 2-160,346.45132,64.6703,80
BFS 17,346.47948,60.25365,0.5
BFS 18,346.56762,60.27042,1
Sh 2-122,347.19904,14.92113,40
Sh 2-158,348.41096,61.50573,10
Sh 2-161B,348.86341,61.85617,55
Sh 2-161A,348.86341,61.85617,55
Sh 2-159,348.94213,61.12291,7
Sh 2-157,349.02202,60.03965,90
Sh 2-162,350.17748,61.19068,40
Sh 2-163,353.33077,60.77628,10
Sh 2-167,353.88326,64.87659,2
Sh 2-164,354.59314,59.96029,3
Sh 2-165,354.9423,61.92711,10
Sh 2-166,355.54943,60.96071,10
Sh 2-174,356.70928,80.92778,10
Sh 2-168,358.27334,60.46149,7
Sh 2-169,358.50032,60.36152,5
Sh 2-170,0.41669,64.61166,20
