No,id,alpha,delta,diameter,Area,Common name
1,FeSt 1-1,109.6042,-23.0255,61.64,0.829,
2,FeSt 1-2,111.8606,-22.1191,81.83,1.461,
3,FeSt 1-3,110.4789,-23.1962,101.76,2.259,
4,FeSt 1-4,109.9494,-23.9438,19.74,0.085,
5,FeSt 1-5,113.0804,-23.2913,103.43,2.334,
6,FeSt 1-6,111.1972,-24.5161,30.8,0.207,
7,FeSt 1-7,113.8789,-23.6949,21.09,0.097,
8,FeSt 1-8,111.4445,-25.0506,98.88,2.133,
9,FeSt 1-9,111.1408,-25.6659,30.13,0.198,
10,FeSt 1-10,114.9815,-27.9831,46.17,0.465,
11,FeSt 1-11,118.0965,-30.3967,154.33,5.196,
12,FeSt 1-12,119.3992,-30.2356,47.1,0.484,
13,FeSt 1-13,117.3637,-31.5603,15.59,0.053,
14,FeSt 1-14,116.1578,-32.2717,48.16,0.506,
15,FeSt 1-15,117.8302,-33.0789,47.68,0.496,
16,FeSt 1-16,117.274,-33.9432,188.48,7.75,
17,FeSt 1-17,121.8919,-32.1627,59.02,0.76,
18,FeSt 1-18,122.2905,-32.5311,43.61,0.415,
19,FeSt 1-19,121.1085,-33.3928,45.72,0.456,
20,FeSt 1-20,118.0116,-36.0631,103.01,2.315,
21,FeSt 1-21,120.1444,-35.4222,179.8,7.053,
22,FeSt 1-22,119.8668,-35.7543,75.91,1.257,
23,FeSt 1-23,113.0039,-39.5578,13.71,0.041,
24,FeSt 1-24,119.4307,-37.3192,19.03,0.079,
25,FeSt 1-25,122.5213,-35.7987,85.77,1.605,
26,FeSt 1-26,127.2952,-33.2844,25.42,0.141,
27,FeSt 1-27,113.9511,-40.1287,25.15,0.138,
28,FeSt 1-28,124.0513,-35.4549,78.78,1.354,
29,FeSt 1-29,114.0634,-41.7959,104.69,2.391,
30,FeSt 1-30,120.2918,-39.5895,13.71,0.041,
31,FeSt 1-31,121.1203,-39.3263,26.31,0.151,
32,FeSt 1-32,122.9777,-38.8173,33.51,0.245,
33,FeSt 1-33,118.6794,-40.8494,18.17,0.072,
34,FeSt 1-34,119.9082,-40.6713,16.99,0.063,
35,FeSt 1-35,111.8409,-44.0194,28.4,0.176,
36,FeSt 1-36,124.1158,-40.9219,153.91,5.168,
37,FeSt 1-37,135.7824,-34.4154,31.03,0.21,
38,FeSt 1-38,124.9668,-41.0587,24.88,0.135,
39,FeSt 1-39,131.8573,-37.3349,31.97,0.223,
40,FeSt 1-40,129.2139,-39.3085,46.95,0.481,
41,FeSt 1-41,131.7285,-37.9511,22.76,0.113,
42,FeSt 1-42,112.7403,-47.0068,21.83,0.104,S 101
43,FeSt 1-43,129.3114,-39.7422,149.05,4.847,
44,FeSt 1-44,108.392,-48.5037,13.2,0.038,
45,FeSt 1-45,112.108,-47.6206,68.41,1.021,
46,FeSt 1-46,126.0375,-42.0463,36.77,0.295,
47,FeSt 1-47,125.4078,-42.4771,109.19,2.601,
48,FeSt 1-48,123.3638,-44.2856,39.82,0.346,
49,FeSt 1-49,125.502,-43.2942,11.33,0.028,
50,FeSt 1-50,125.4265,-43.3439,33.31,0.242,
51,FeSt 1-51,127.6378,-42.6025,244.01,12.99,
52,FeSt 1-52,130.5771,-41.697,135.34,3.996,
53,FeSt 1-53,125.4922,-44.5775,22.15,0.107,
54,FeSt 1-54,127.2503,-44.1677,79.79,1.389,
55,FeSt 1-55,115.7004,-49.17,26.31,0.151,S 104
56,FeSt 1-56,134.1942,-40.6266,23.35,0.119,
57,FeSt 1-57,133.3373,-41.3403,122.48,3.273,
58,FeSt 1-58,132.9304,-42.2388,21.09,0.097,SL 4
59,FeSt 1-59,135.1915,-41.5634,31.32,0.214,
60,FeSt 1-60,132.3704,-43.4869,164.71,5.919,
61,FeSt 1-61,128.3395,-45.9886,31.97,0.223,
62,FeSt 1-62,138.5855,-40.0747,11.33,0.028,
63,FeSt 1-63,128.2587,-46.6883,24.32,0.129,
64,FeSt 1-64,134.7765,-43.712,100.03,2.183,
65,FeSt 1-65,133.3135,-44.9236,116.16,2.944,
66,FeSt 1-66,139.9872,-40.5458,15.59,0.053,
67,FeSt 1-67,133.9928,-44.626,26.31,0.151,
68,FeSt 1-68,130.0617,-47.0451,16.58,0.06,
69,FeSt 1-69,135.6034,-43.8482,70.78,1.093,
70,FeSt 1-70,114.5252,-53.3649,42.6,0.396,
71,FeSt 1-71,125.096,-49.8094,94.42,1.945,
72,FeSt 1-72,125.0694,-49.9759,35.18,0.27,S 109
73,FeSt 1-73,138.7222,-42.4752,5.24,0.006,
74,FeSt 1-74,129.0943,-48.7415,40,0.349,
75,FeSt 1-75,139.7756,-42.5119,22.15,0.107,
76,FeSt 1-76,128.2598,-49.4884,37.39,0.305,
77,FeSt 1-77,120.5747,-52.8243,98.6,2.121,
78,FeSt 1-78,133.978,-46.6926,51.61,0.581,
79,FeSt 1-79,139.4686,-43.5109,136.4,4.059,
80,FeSt 1-80,135.3608,-46.2974,122.56,3.277,
81,FeSt 1-81,139.9202,-43.5123,33.72,0.248,
82,FeSt 1-82,126.8145,-51.0995,21.83,0.104,S 122
83,FeSt 1-83,132.3559,-48.7535,36.21,0.286,
84,FeSt 1-84,127.7661,-51.2865,62.71,0.858,
85,FeSt 1-85,138.0497,-45.7064,17.39,0.066,S 114
86,FeSt 1-86,131.4953,-49.6338,81.67,1.455,
87,FeSt 1-87,134.5672,-48.3947,28.4,0.176,
88,FeSt 1-88,138.6466,-46.4916,137.04,4.097,
89,FeSt 1-89,134.6881,-48.9618,107.54,2.523,
90,FeSt 1-90,135.8693,-48.7658,93.71,1.916,
91,FeSt 1-91,128.1787,-52.6714,27.67,0.167,
92,FeSt 1-92,141.7658,-45.368,123.25,3.314,
93,FeSt 1-93,141.9667,-45.352,33.31,0.242,
94,FeSt 1-94,123.6348,-55.0036,13.71,0.041,
95,FeSt 1-95,126.2812,-54.0641,26.57,0.154,
96,FeSt 1-96,140.9821,-46.2823,31.54,0.217,S 115
97,FeSt 1-97,118.6416,-56.8662,62.01,0.839,
98,FeSt 1-98,137.7784,-48.5722,46.02,0.462,
99,FeSt 1-99,137.1215,-49.1367,34.79,0.264,
100,FeSt 1-100,124.2587,-55.2895,42.06,0.386,
101,FeSt 1-101,136.5636,-49.8515,32.19,0.226,
102,FeSt 1-102,139.1107,-48.3265,187.9,7.703,
103,FeSt 1-103,132.9306,-51.9056,58.04,0.735,
104,FeSt 1-104,134.3146,-51.5605,147.99,4.778,
105,FeSt 1-105,141.5283,-47.2007,107.13,2.504,
106,FeSt 1-106,128.9139,-54.3409,112.25,2.749,
107,FeSt 1-107,127.8037,-54.82,36.58,0.292,
108,FeSt 1-108,139.7573,-49.1619,107.92,2.541,
109,FeSt 1-109,144.524,-45.8261,31.32,0.214,
110,FeSt 1-110,137.6881,-50.5052,156.64,5.353,
111,FeSt 1-111,136.111,-52.8334,28.88,0.182,
112,FeSt 1-112,144.3051,-48.7422,98.16,2.102,
113,FeSt 1-113,146.3373,-49.0645,64.3,0.902,
114,FeSt 1-114,143.1809,-51.4556,45.21,0.446,
115,FeSt 1-115,138.0492,-55.0565,42.06,0.386,
116,FeSt 1-116,146.453,-50.5815,26.31,0.151,
117,FeSt 1-117,145.4104,-52.3453,138.96,4.213,
118,FeSt 1-118,144.4486,-53.2426,18.17,0.072,
119,FeSt 1-119,142.6536,-54.5041,45.87,0.459,
120,FeSt 1-120,149.9006,-49.6737,99.76,2.171,
121,FeSt 1-121,147.6523,-51.5847,27.33,0.163,
122,FeSt 1-122,143.2012,-55.1224,126.37,3.484,
123,FeSt 1-123,141.4969,-57.1674,108.07,2.548,
124,FeSt 1-124,150.5414,-51.7419,81.05,1.433,
125,FeSt 1-125,149.1248,-53.1051,57.69,0.726,
126,FeSt 1-126,151.3199,-51.8604,27.08,0.16,
127,FeSt 1-127,147.3007,-54.9671,48.02,0.503,
128,FeSt 1-128,146.7688,-55.4324,166.71,6.063,
129,FeSt 1-129,146.0561,-56.4305,28.64,0.179,
130,FeSt 1-130,156.3369,-48.8712,35.18,0.27,
131,FeSt 1-131,157.1439,-48.2061,26.05,0.148,
132,FeSt 1-132,152.3642,-53.6962,37.39,0.305,
133,FeSt 1-133,152.2538,-55.1626,81.38,1.445,
134,FeSt 1-134,151.3625,-56.6272,121.02,3.195,
135,FeSt 1-135,159.0729,-49.593,32.61,0.232,
136,FeSt 1-136,155.2631,-56.6191,201.16,8.828,
137,FeSt 1-137,163.9016,-48.7338,27.67,0.167,
138,FeSt 1-138,154.9207,-58.7184,195.57,8.344,
139,FeSt 1-139,154.0067,-59.6332,35.82,0.28,
140,FeSt 1-140,155.6985,-59.0867,23.35,0.119,
141,FeSt 1-141,163.5394,-51.7667,35.82,0.28,
142,FeSt 1-142,165.1809,-49.5689,28.64,0.179,
143,FeSt 1-143,163.1548,-53.6495,47.1,0.484,
144,FeSt 1-144,164.3652,-52.9011,46.32,0.468,
145,FeSt 1-145,159.6069,-58.3939,66.37,0.961,
146,FeSt 1-146,164.588,-53.8681,31.32,0.214,
147,FeSt 1-147,163.0443,-55.9493,29.36,0.188,
148,FeSt 1-148,157.5949,-61.4237,38.54,0.324,
149,FeSt 1-149,161.0381,-59.1463,58.67,0.751,
150,FeSt 1-150,162.8593,-57.7491,13.71,0.041,
151,FeSt 1-151,164.8587,-55.4518,14.68,0.047,
152,FeSt 1-152,167.8385,-52.2386,36.4,0.289,
153,FeSt 1-153,164.2971,-57.2677,39.59,0.342,
154,FeSt 1-154,163.3302,-59.2331,99.53,2.161,
155,FeSt 1-155,167.6319,-54.0717,24.6,0.132,
156,FeSt 1-156,165.2735,-58.5357,37.57,0.308,
157,FeSt 1-157,159.4573,-64.7771,142.14,4.408,
158,FeSt 1-158,168.281,-55.7557,51.07,0.569,
159,FeSt 1-159,167.3086,-59.8714,75.24,1.235,
160,FeSt 1-160,159.3801,-67.327,60.48,0.798,
161,FeSt 1-161,171.0256,-55.5582,24.32,0.129,
162,FeSt 1-162,172.0086,-55.0089,43.93,0.421,
163,FeSt 1-163,173.069,-53.1929,22.15,0.107,
164,FeSt 1-164,164.8112,-64.5018,32.4,0.229,
165,FeSt 1-165,169.0348,-62.9898,180.2,7.084,
166,FeSt 1-166,172.8814,-58.9095,22.15,0.107,
167,FeSt 1-167,169.5843,-64.2403,40.34,0.355,
168,FeSt 1-168,169.2026,-64.84,77.67,1.316,
169,FeSt 1-169,169.1485,-65.5066,24.88,0.135,
170,FeSt 1-170,170.2558,-66.3409,33.1,0.239,
171,FeSt 1-171,173.554,-62.2099,101.6,2.252,
172,FeSt 1-172,177.2944,-55.5281,40.85,0.364,
173,FeSt 1-173,176.2836,-58.7445,70.68,1.09,
174,FeSt 1-174,174.1568,-63.3102,79.42,1.376,
175,FeSt 1-175,177.8959,-59.4449,33.72,0.248,
176,FeSt 1-176,175.2374,-65.3774,153.1,5.114,
177,FeSt 1-177,172.8694,-69.6762,19.39,0.082,
178,FeSt 1-178,174.6206,-68.6938,36.4,0.289,
179,FeSt 1-179,164.949,-77.1354,106.32,2.466,S 133
180,FeSt 1-180,178.6234,-64.7117,59.02,0.76,
181,FeSt 1-181,165.8853,-77.4532,23.06,0.116,
182,FeSt 1-182,181.0971,-59.9285,27.67,0.167,
183,FeSt 1-183,167.0848,-77.4712,46.02,0.462,S 135
184,FeSt 1-184,181.3748,-60.9451,138.65,4.194,
185,FeSt 1-185,171.5282,-75.5753,50.48,0.556,
186,FeSt 1-186,173.833,-73.9601,46.61,0.474,
187,FeSt 1-187,181.8561,-64.5284,93.25,1.897,
188,FeSt 1-188,174.3305,-75.477,47.25,0.487,
189,FeSt 1-189,184.0959,-59.0612,41.57,0.377,
190,FeSt 1-190,184.9992,-56.1109,57.92,0.732,
191,FeSt 1-191,184.7252,-58.511,29.9,0.195,
192,FeSt 1-192,183.2482,-66.6448,45.72,0.456,
193,FeSt 1-193,182.2936,-71.3617,29.9,0.195,
194,FeSt 1-194,185.5926,-64.044,67.57,0.996,
195,FeSt 1-195,178.3407,-79.3617,30.35,0.201,
196,FeSt 1-196,187.8963,-56.8261,97.57,2.077,
197,FeSt 1-197,187.9012,-59.0094,32.89,0.236,
198,FeSt 1-198,187.5662,-65.3263,57.29,0.716,
199,FeSt 1-199,185.8487,-72.3605,58.04,0.735,S 141
200,FeSt 1-200,186.4541,-71.6769,26.31,0.151,S 143
201,FeSt 1-201,189.4381,-58.8917,18.17,0.072,
202,FeSt 1-202,187.0939,-72.6266,75.42,1.241,
203,FeSt 1-203,189.1255,-63.5752,84.43,1.555,
204,FeSt 1-204,188.4025,-70.9758,31.54,0.217,S 145
205,FeSt 1-205,189.7883,-65.1247,42.93,0.402,
206,FeSt 1-206,190.8886,-55.2238,0,0,
207,FeSt 1-207,189.6878,-69.9082,47.54,0.493,
208,FeSt 1-208,190.9881,-54.807,20.76,0.094,
209,FeSt 1-209,190.8036,-60.2905,82.17,1.473,
210,FeSt 1-210,190.9906,-67.8404,37.76,0.311,
211,FeSt 1-211,190.0891,-76.8745,97.27,2.064,
212,FeSt 1-212,189.6292,-80.5749,89.72,1.756,
213,FeSt 1-213,189.7279,-80.4249,38.3,0.32,
214,FeSt 1-214,192.3984,-55.089,67.77,1.002,
215,FeSt 1-215,192.4269,-62.539,33.31,0.242,
216,FeSt 1-216,192.7043,-79.4888,59.41,0.77,
217,FeSt 1-217,192.9847,-57.2384,60.82,0.807,
218,FeSt 1-218,193.317,-79.4049,29.36,0.188,
219,FeSt 1-219,193.2208,-64.7215,123.95,3.352,
220,FeSt 1-220,193.6875,-62.3877,25.42,0.141,
221,FeSt 1-221,194.6403,-77.32,36.02,0.283,S 156
222,FeSt 1-222,193.809,-61.4875,61.53,0.826,
223,FeSt 1-223,195.3113,-77.6026,59.29,0.767,
224,FeSt 1-224,194.1235,-63.6705,40.34,0.355,
225,FeSt 1-225,194.2128,-61.5371,21.52,0.101,S 155 | S 157
226,FeSt 1-226,194.5504,-63.32,197.84,8.539,
227,FeSt 1-227,195.1774,-66.4359,27.67,0.167,
228,FeSt 1-228,194.791,-55.4864,47.39,0.49,
229,FeSt 1-229,196.3058,-61.5511,49.33,0.531,
230,FeSt 1-230,196.589,-62.5008,24.88,0.135,
231,FeSt 1-231,198.314,-69.1817,37.94,0.314,
232,FeSt 1-232,198.6217,-69.5146,52.18,0.594,
233,FeSt 1-233,198.1326,-66.3153,34.39,0.258,
234,FeSt 1-234,197.3542,-59.7497,159.15,5.526,
235,FeSt 1-235,198.6233,-61.2145,63.62,0.883,
236,FeSt 1-236,200.3342,-66.6785,38.12,0.317,
237,FeSt 1-237,199.7102,-61.6295,113.03,2.787,
238,FeSt 1-238,199.3595,-57.9467,46.81,0.478,
239,FeSt 1-239,200.7524,-62.7278,38.72,0.327,
240,FeSt 1-240,203.5739,-69.0228,64.83,0.917,
241,FeSt 1-241,199.8803,-56.4959,112.82,2.777,
242,FeSt 1-242,201.2519,-62.1269,53.78,0.631,
243,FeSt 1-243,200.4068,-56.095,45.87,0.459,
244,FeSt 1-244,203.5998,-65.056,133.46,3.886,
245,FeSt 1-245,203.1797,-63.4235,75.42,1.241,
246,FeSt 1-246,202.8643,-61.9741,74.93,1.225,
247,FeSt 1-247,203.1031,-60.3069,18.54,0.075,
248,FeSt 1-248,204.0553,-62.6551,41.57,0.377,
249,FeSt 1-249,202.7759,-56.6409,70.16,1.074,
250,FeSt 1-250,204.1638,-60.6216,53.65,0.628,
251,FeSt 1-251,206.5607,-63.5501,79.33,1.373,
252,FeSt 1-252,205.3667,-59.8358,49.2,0.528,
253,FeSt 1-253,212.9704,-70.9517,47.68,0.496,
254,FeSt 1-254,209.6312,-66.8599,18.17,0.072,
255,FeSt 1-255,212.1318,-69.6538,35.18,0.27,
256,FeSt 1-256,208.2043,-63.9298,77.87,1.323,
257,FeSt 1-257,210.1579,-62.8086,63.83,0.889,
258,FeSt 1-258,211.2539,-63.8059,107.13,2.504,
259,FeSt 1-259,207.5793,-56.1478,90.35,1.781,
260,FeSt 1-260,215.6944,-68.4443,50.62,0.559,
261,FeSt 1-261,211.3332,-62.0057,44.76,0.437,
262,FeSt 1-262,212.0727,-62.7538,37.94,0.314,
263,FeSt 1-263,218.7919,-69.2021,20.08,0.088,
264,FeSt 1-264,210.7759,-59.2404,66.16,0.955,
265,FeSt 1-265,210.6219,-58.9241,17.39,0.066,
266,FeSt 1-266,211.744,-60.388,360.88,28.412,
267,FeSt 1-267,211.7001,-58.4714,26.83,0.157,
268,FeSt 1-268,215.5485,-62.6446,67.12,0.983,
269,FeSt 1-269,214.493,-60.7808,140.55,4.31,
270,FeSt 1-270,223.6692,-69.4034,19.39,0.082,
271,FeSt 1-271,212.197,-54.7201,32.61,0.232,
272,FeSt 1-272,217.9725,-61.1876,53.52,0.625,
273,FeSt 1-273,222.5184,-65.2736,44.4,0.43,
274,FeSt 1-274,215.2042,-56.4621,109.52,2.617,
275,FeSt 1-275,233.1533,-70.9695,41.57,0.377,
276,FeSt 1-276,222.6353,-63.2899,100.9,2.221,
277,FeSt 1-277,215.5156,-54.6779,33.1,0.239,
278,FeSt 1-278,216.453,-55.5086,24.88,0.135,
279,FeSt 1-279,224.8372,-63.9659,40.17,0.352,
280,FeSt 1-280,220.647,-59.7128,144.7,4.568,
281,FeSt 1-281,226.3047,-64.3609,36.77,0.295,
282,FeSt 1-282,227.2377,-64.441,58.04,0.735,
283,FeSt 1-283,227.7711,-64.6891,40,0.349,
284,FeSt 1-284,226.4659,-63.527,72.98,1.162,
285,FeSt 1-285,220.1098,-56.6644,50.21,0.55,
286,FeSt 1-286,225.9706,-62.512,65.18,0.927,
287,FeSt 1-287,222.8951,-58.4222,105.23,2.416,
288,FeSt 1-288,227.9647,-62.8884,53.52,0.625,S 172
289,FeSt 1-289,228.6802,-62.0524,45.52,0.452,
290,FeSt 1-290,220.9903,-54.1616,36.58,0.292,
291,FeSt 1-291,229.4621,-62.1829,114.78,2.874,
292,FeSt 1-292,223.7802,-56.686,19.39,0.082,
293,FeSt 1-293,225.0165,-57.0985,28.4,0.176,
294,FeSt 1-294,222.719,-53.6227,76.84,1.288,
295,FeSt 1-295,228.8161,-59.4019,34.59,0.261,
296,FeSt 1-296,225.7105,-56.2461,136.5,4.065,
297,FeSt 1-297,223.2196,-53.4211,100.97,2.224,
298,FeSt 1-298,234.1192,-61.0319,78.4,1.341,
299,FeSt 1-299,231.4741,-58.9754,54.46,0.647,S 174
300,FeSt 1-300,230.4539,-57.8625,29.12,0.185,
301,FeSt 1-301,225.1678,-52.2479,31.97,0.223,
302,FeSt 1-302,232.7594,-57.4371,46.81,0.478,
303,FeSt 1-303,233.7968,-57.9998,80.59,1.417,
304,FeSt 1-304,236.0262,-59.3077,119.93,3.138,
305,FeSt 1-305,227.6221,-51.556,24.88,0.135,
306,FeSt 1-306,227.6221,-51.556,38.89,0.33,
307,FeSt 1-307,225.7673,-48.9458,23.74,0.123,
308,FeSt 1-308,235.1076,-54.4612,507.67,56.227,
309,FeSt 1-309,237.7664,-56.3339,61.53,0.826,
310,FeSt 1-310,230.6701,-50.0115,68.21,1.015,
311,FeSt 1-311,236.9992,-55.2203,56.93,0.707,
312,FeSt 1-312,241.9177,-57.0999,57.17,0.713,
313,FeSt 1-313,240.0053,-54.8246,99.76,2.171,
314,FeSt 1-314,243.4527,-55.6433,48.87,0.521,
315,FeSt 1-315,242.4984,-53.5974,93.03,1.888,
316,FeSt 1-316,241.3037,-49.8857,130.35,3.707,
317,FeSt 1-317,245.2281,-51.1855,91.71,1.835,
318,FeSt 1-318,245.0628,-49.8028,40.68,0.361,
319,FeSt 1-319,248.9111,-51.1024,86.44,1.63,
320,FeSt 1-320,247.2465,-50.1265,40,0.349,
321,FeSt 1-321,230.5669,-35.345,26.31,0.151,
322,FeSt 1-322,245.8541,-48.7826,37.94,0.314,
323,FeSt 1-323,246.9132,-49.428,84.43,1.555,
324,FeSt 1-324,251.0951,-51.4758,59.87,0.782,
325,FeSt 1-325,241.7882,-45.4335,87.78,1.681,
326,FeSt 1-326,246.8322,-48.8616,30.35,0.201,
327,FeSt 1-327,243.7777,-46.5417,60.14,0.789,S 180
328,FeSt 1-328,248.4671,-49.471,141.01,4.338,
329,FeSt 1-329,248.3123,-49.0384,67.12,0.983,
330,FeSt 1-330,236.6591,-39.9547,117.75,3.025,
331,FeSt 1-331,238.626,-41.6967,20.08,0.088,
332,FeSt 1-332,250.5739,-49.6948,83.99,1.539,
333,FeSt 1-333,244.042,-45.2738,147.01,4.715,
334,FeSt 1-334,237.4842,-39.7014,26.57,0.154,
335,FeSt 1-335,251.6283,-49.9066,86.36,1.627,
336,FeSt 1-336,231.6335,-33.4243,39.07,0.333,
337,FeSt 1-337,249.7572,-48.2651,31.76,0.22,S 182 | S 184
338,FeSt 1-338,246.0754,-45.7316,73.98,1.194,
339,FeSt 1-339,243.8569,-44.1413,32.4,0.229,
340,FeSt 1-340,238.3846,-39.4644,27.67,0.167,
341,FeSt 1-341,234.2719,-34.8642,27.33,0.163,
342,FeSt 1-342,234.8216,-34.6287,36.96,0.298,
343,FeSt 1-343,253.8982,-49.0795,122.2,3.258,
344,FeSt 1-344,247.1151,-44.3436,65.71,0.942,
345,FeSt 1-345,242.1505,-40.6152,134.32,3.936,
346,FeSt 1-346,243.3082,-41.3269,103.79,2.35,
347,FeSt 1-347,239.5761,-37.8594,40.17,0.352,
348,FeSt 1-348,241.4904,-39.4014,79.88,1.392,
349,FeSt 1-349,236.0724,-34.3404,74.07,1.197,SL 13
350,FeSt 1-350,240.532,-38.4554,119.76,3.129,
351,FeSt 1-351,244.1741,-39.9065,21.09,0.097,
352,FeSt 1-352,254.5962,-46.3595,98.16,2.102,
353,FeSt 1-353,251.4998,-44.5738,150.78,4.96,
354,FeSt 1-354,248.0964,-41.9058,52.05,0.591,
355,FeSt 1-355,244.8218,-39.437,59.76,0.779,
356,FeSt 1-356,249.5049,-42.6495,112.82,2.777,
357,FeSt 1-357,246.1294,-40.1479,41.4,0.374,
358,FeSt 1-358,247.487,-40.8419,56.93,0.707,
359,FeSt 1-359,255.7135,-45.4042,279.37,17.027,
360,FeSt 1-360,250.9318,-42.6097,25.78,0.145,
361,FeSt 1-361,246.9777,-39.7441,55.62,0.675,
362,FeSt 1-362,244.0061,-37.4239,98.6,2.121,
363,FeSt 1-363,245.6173,-38.6335,58.79,0.754,
364,FeSt 1-364,258.0491,-46.2099,119.22,3.101,
365,FeSt 1-365,257.746,-45.928,21.52,0.101,
366,FeSt 1-366,262.0195,-47.8243,42.93,0.402,
367,FeSt 1-367,259.1511,-46.288,56.93,0.707,
368,FeSt 1-368,256.3078,-44.7181,53.27,0.619,
369,FeSt 1-369,250.9687,-41.0095,24.32,0.129,
370,FeSt 1-370,248.7513,-39.1862,102.59,2.296,
371,FeSt 1-371,245.5964,-35.6169,51.2,0.572,
372,FeSt 1-372,255.7109,-42.3542,46.02,0.462,
373,FeSt 1-373,257.9223,-43.3771,70.39,1.081,
374,FeSt 1-374,259.2778,-43.8373,34.79,0.264,
375,FeSt 1-375,251.6044,-39.0732,40.68,0.361,
376,FeSt 1-376,252.71,-39.6181,33.31,0.242,
377,FeSt 1-377,246.1173,-34.8812,39.42,0.339,
378,FeSt 1-378,256.5302,-41.5669,663.58,96.068,
379,FeSt 1-379,255.1429,-40.2568,130.35,3.707,
380,FeSt 1-380,257.7829,-41.7444,44.6,0.434,
381,FeSt 1-381,258.9587,-41.7054,51.47,0.578,
382,FeSt 1-382,249.8029,-35.7314,108.73,2.579,
383,FeSt 1-383,268.497,-45.3096,16.16,0.057,
384,FeSt 1-384,258.5486,-40.5407,32.4,0.229,
385,FeSt 1-385,266.5874,-44.3688,13.2,0.038,
386,FeSt 1-386,258.372,-40.3749,79.42,1.376,
387,FeSt 1-387,253.9716,-37.6622,90.2,1.775,
388,FeSt 1-388,257.0885,-39.4643,43.93,0.421,
389,FeSt 1-389,260.6306,-41.1808,31.32,0.214,
390,FeSt 1-390,267.2315,-43.7157,31.54,0.217,
391,FeSt 1-391,259.6188,-39.8523,69.34,1.049,
392,FeSt 1-392,255.1435,-37.09,23.35,0.119,
393,FeSt 1-393,252.7279,-35.2513,47.68,0.496,
394,FeSt 1-394,268.8316,-43.6912,20.76,0.094,
395,FeSt 1-395,255.412,-36.1554,44.6,0.434,
396,FeSt 1-396,272.4057,-43.5905,31.03,0.21,
397,FeSt 1-397,264.8439,-39.4771,126.71,3.503,
398,FeSt 1-398,257.7328,-35.2945,25.15,0.138,
399,FeSt 1-399,263.7605,-38.4823,71.01,1.1,
400,FeSt 1-400,259.4143,-36.0198,69.57,1.056,
401,FeSt 1-401,253.0561,-31.933,31.97,0.223,
402,FeSt 1-402,245.6633,-25.9164,150.78,4.96,
403,FeSt 1-403,246.3869,-25.5299,36.21,0.286,
404,FeSt 1-404,247.2147,-25.8929,81.3,1.442,
405,FeSt 1-405,266.054,-37.5379,52.7,0.606,
406,FeSt 1-406,260.655,-34.6139,24.32,0.129,
407,FeSt 1-407,260.8049,-34.5965,82,1.467,
408,FeSt 1-408,245.6529,-23.9665,134.59,3.952,
409,FeSt 1-409,246.4566,-24.5296,27.67,0.167,
410,FeSt 1-410,267.205,-37.6323,35.18,0.27,
411,FeSt 1-411,247.8843,-24.7899,50.07,0.547,
412,FeSt 1-412,258.3091,-31.7583,147.21,4.728,
413,FeSt 1-413,246.1738,-23.1141,73.67,1.184,
414,FeSt 1-414,247.9044,-23.8898,32.4,0.229,
415,FeSt 1-415,264.6563,-34.5279,23.35,0.119,
416,FeSt 1-416,258.5034,-30.8574,16.58,0.06,
417,FeSt 1-417,268.9193,-36.174,28.16,0.173,
418,FeSt 1-418,249.4582,-24.3494,68.61,1.027,
419,FeSt 1-419,248.6039,-23.6866,67.47,0.993,
420,FeSt 1-420,257.4446,-29.5791,27.08,0.16,
421,FeSt 1-421,261.7887,-32.1584,45.52,0.452,
422,FeSt 1-422,247.6955,-22.2407,25.78,0.145,
423,FeSt 1-423,251.3838,-24.1906,58.79,0.754,
424,FeSt 1-424,257.8879,-28.4603,31.03,0.21,
425,FeSt 1-425,248.9456,-22.0851,16.58,0.06,
426,FeSt 1-426,249.6213,-22.1153,55.25,0.666,
427,FeSt 1-427,249.998,-22.3803,18.54,0.075,
428,FeSt 1-428,252.3316,-23.6863,72.89,1.159,
429,FeSt 1-429,260.417,-28.8983,32.4,0.229,
430,FeSt 1-430,268.1468,-33.061,241.17,12.689,
431,FeSt 1-431,263.8301,-30.7319,496.03,53.679,
432,FeSt 1-432,254.3384,-24.6603,35.82,0.28,
433,FeSt 1-433,258.5063,-27.3073,64.16,0.898,
434,FeSt 1-434,261.2176,-28.9444,115.21,2.896,
435,FeSt 1-435,267.0628,-31.7662,55.5,0.672,
436,FeSt 1-436,261.4147,-28.4601,148.53,4.813,
437,FeSt 1-437,251.1442,-21.525,46.02,0.462,
438,FeSt 1-438,254.3311,-23.3603,62.01,0.839,
439,FeSt 1-439,251.5931,-21.273,47.1,0.484,
440,FeSt 1-440,258.4728,-25.8908,26.05,0.148,
441,FeSt 1-441,269.6138,-31.8705,28.64,0.179,
442,FeSt 1-442,261.3811,-27.0603,107.2,2.507,
443,FeSt 1-443,257.9916,-24.8598,53.01,0.613,
444,FeSt 1-444,269.7591,-31.1531,31.97,0.223,
445,FeSt 1-445,285.2453,-37.1954,23.06,0.116,
446,FeSt 1-446,285.9451,-37.2588,47.1,0.484,SL 39
447,FeSt 1-447,285.6939,-37.06,33.1,0.239,SL 40 | S 41
448,FeSt 1-448,259.5921,-24.8188,103.5,2.337,
449,FeSt 1-449,271.0333,-31.0303,27.33,0.163,
450,FeSt 1-450,286.6176,-37.0057,17.39,0.066,
451,FeSt 1-451,263.4816,-27.0168,41.4,0.374,
452,FeSt 1-452,256.7529,-22.5489,62.46,0.851,
453,FeSt 1-453,289.0639,-36.861,32.61,0.232,
454,FeSt 1-454,263.0991,-25.7853,90.53,1.788,
455,FeSt 1-455,262.3951,-25.1554,86.7,1.64,
456,FeSt 1-456,258.5541,-22.607,51.2,0.572,
457,FeSt 1-457,263.773,-25.5654,122.26,3.261,
458,FeSt 1-458,273.4046,-30.5021,27.33,0.163,
459,FeSt 1-459,259.5298,-22.6691,60.71,0.804,
460,FeSt 1-460,261.7051,-22.5753,161.04,5.658,
461,FeSt 1-461,268.7796,-26.5245,50.89,0.565,
462,FeSt 1-462,265.1158,-24.2922,33.92,0.251,
463,FeSt 1-463,264.3612,-23.5292,24.03,0.126,
464,FeSt 1-464,262.6047,-22.4543,56.28,0.691,
465,FeSt 1-465,268.4735,-25.5093,261.45,14.913,
466,FeSt 1-466,263.8829,-22.9648,119.76,3.129,
467,FeSt 1-467,271.0796,-26.4966,84.59,1.561,
468,FeSt 1-468,272.5334,-27.1396,31.97,0.223,
469,FeSt 1-469,266.6838,-23.0346,91.31,1.819,
470,FeSt 1-470,269.3149,-24.0385,78.05,1.329,
471,FeSt 1-471,270.1926,-24.5009,67.57,0.996,
472,FeSt 1-472,271.5192,-24.7612,113.77,2.824,
473,FeSt 1-473,271.0414,-24.2801,53.65,0.628,
474,FeSt 1-474,272.9711,-25.1041,64.73,0.914,
475,FeSt 1-475,268.08,-22.3278,55.79,0.679,
476,FeSt 1-476,270.7115,-23.4484,22.76,0.113,
477,FeSt 1-477,272.3152,-24.0906,36.4,0.289,
478,FeSt 1-478,269.3564,-22.555,38.12,0.317,
479,FeSt 1-479,272.6144,-23.9558,29.36,0.188,
480,FeSt 1-480,271.6357,-23.3106,68.31,1.018,
481,FeSt 1-481,270.6297,-22.2488,48.16,0.506,
482,FeSt 1-482,273.4625,-23.635,26.57,0.154,
483,FeSt 1-483,272.8354,-23.2714,87.2,1.659,
484,FeSt 1-484,279.225,-25.9906,73.98,1.194,
485,FeSt 1-485,272.8826,-22.7712,38.12,0.317,
486,FeSt 1-486,282.9457,-25.5228,29.12,0.185,
487,FeSt 1-487,282.4361,-23.8085,65.85,0.946,
488,FeSt 1-488,282.1847,-23.543,17.78,0.069,
489,FeSt 1-489,282.5297,-22.6914,11.33,0.028,
