alpha,delta,id,DCld ,diameter,minorAxis,Density
286.71079,-37.22857,HMST 000.0-18.9,DCld 000.0-18.9,16,5,A
286.68399,-36.98036,HMST 000.3-18.8,DCld 000.3-18.8,14,12,B
287.56746,-37.12458,HMST 000.4-19.5,DCld 000.4-19.5,16,7,A
291.78005,-37.83859,HMST 000.8-22.9,DCld 000.8-22.9,16,12,C
288.59778,-36.8648,HMST 000.9-20.2,DCld 000.9-20.2,16,5,A
292.24834,-37.5748,HMST 001.2-23.1,DCld 001.2-23.1,5,4,C
289.10367,-36.60579,HMST 001.3-20.5,DCld 001.3-20.5,14,4,A
290.43349,-36.91803,HMST 001.4-21.6,DCld 001.4-21.6,40,35,C
293.35884,-37.5148,HMST 001.5-24.0,DCld 001.5-24.0,4,3,C
293.23258,-37.31203,HMST 001.7-23.8,DCld 001.7-23.8,3,3,C
295.16267,-34.7934,HMST 004.9-24.6,DCld 004.9-24.6,16,3,A
323.10063,-35.85677,HMST 008.4-47.1,DCld 008.4-47.1,6,2,B
322.35899,-35.40897,HMST 009.0-46.5,DCld 009.0-46.5,8,5,C
322.57916,-34.45831,HMST 010.4-46.6,DCld 010.4-46.6,12,2,B
323.17746,-34.43154,HMST 010.5-47.1,DCld 010.5-47.1,3,2,B
114.26077,-32.73501,HMST 247.0-05.7,DCld 247.0-05.7,22,2,B
107.42115,-36.20565,HMST 247.5-12.3,DCld 247.5-12.3,65,55,B
116.87161,-32.21646,HMST 247.6-03.5,DCld 247.6-03.5,7,5,B
117.29726,-32.20664,HMST 247.8-03.2,DCld 247.8-03.2,6,1,B
117.97515,-33.26291,HMST 249.0-03.2,DCld 249.0-03.2,16,12,B
116.29339,-34.60398,HMST 249.4-05.1,DCld 249.4-05.1,4,2,A
119.51893,-33.3045,HMST 249.7-02.1,DCld 249.7-02.1,6,6,A
113.84276,-37.25655,HMST 250.8-08.1,DCld 250.8-08.1,9,2,B
121.54783,-33.89801,HMST 251.1-01.0,DCld 251.1-01.0,12,6,A
124.85261,-32.63313,HMST 251.5+02.0,DCld 251.5+02.0,3,2,C
123.10552,-33.76109,HMST 251.7+00.2,DCld 251.7+00.2,4,2,A
109.69682,-39.85287,HMST 251.7-12.2,DCld 251.7-12.2,4,3,B
123.08778,-33.93768,HMST 251.8+00.0,DCld 251.8+00.0,3,1,A
123.09565,-34.01772,HMST 251.9+00.0,DCld 251.9+00.0,5,1.2,A
119.53493,-36.07794,HMST 252.1-03.6,DCld 252.1-03.6,12,7,B
121.95906,-34.91306,HMST 252.1-01.3,DCld 252.1-01.3,22,12,B
123.99829,-33.84638,HMST 252.2+00.7,DCld 252.2+00.7,7,1.2,A
123.86752,-34.07918,HMST 252.3+00.5,DCld 252.3+00.5,6,0.6,A
120.11521,-36.06372,HMST 252.3-03.2,DCld 252.3-03.2,14,9,A
123.58943,-34.51473,HMST 252.5+00.1,DCld 252.5+00.1,10,1.5,A
122.15855,-35.72723,HMST 252.9-01.6,DCld 252.9-01.6,6,6,B
122.17837,-35.89565,HMST 253.0-01.7,DCld 253.0-01.7,35,12,B
121.71733,-36.18708,HMST 253.1-02.1,DCld 253.1-02.1,12,4,B
122.23622,-35.98922,HMST 253.1-01.7,DCld 253.1-01.7,7,3,A
119.62212,-37.41499,HMST 253.2-04.2,DCld 253.2-04.2,12,2,B
122.38176,-36.07982,HMST 253.3-01.6,DCld 253.3-01.6,2,3,A
119.88499,-37.43277,HMST 253.4-04.0,DCld 253.4-04.0,14,3,B
122.87389,-36.15517,HMST 253.6-01.3,DCld 253.6-01.3,22,12,B
127.19228,-33.76402,HMST 253.6+02.9,DCld 253.6+02.9,65,6,A
112.3863,-41.1751,HMST 253.8-10.9,DCld 253.8-10.9,6,1,A
123.80977,-36.03731,HMST 253.9-00.6,DCld 253.9-00.6,28,5,B
120.87578,-37.8436,HMST 254.1-03.6,DCld 254.1-03.6,6,4,B
114.33499,-41.2288,HMST 254.5-09.6,DCld 254.5-09.6,8,6,B
123.87487,-36.97592,HMST 254.7-01.1,DCld 254.7-01.1,5,4,B
115.19731,-41.44928,HMST 255.1-09.2,DCld 255.1-09.2,2,1,A
115.66626,-41.26634,HMST 255.1-08.8,DCld 255.1-08.8,2,1,B
109.00345,-43.96144,HMST 255.3-14.4,DCld 255.3-14.4,26,4,B
120.25438,-39.56769,HMST 255.3-04.9,DCld 255.3-04.9,14,7,B
121.35955,-39.14897,HMST 255.4-03.9,DCld 255.4-03.9,6,2,A
120.46661,-39.66692,HMST 255.5-04.8,DCld 255.5-04.8,8,2,B
122.53989,-38.72384,HMST 255.6-02.9,DCld 255.6-02.9,5,3,A
115.62642,-42.08618,HMST 255.8-09.2,DCld 255.8-09.2,4,1,A
115.77222,-42.12515,HMST 255.9-09.1,DCld 255.9-09.1,2,1,A
123.09448,-38.83444,HMST 255.9-02.6,DCld 255.9-02.6,2,2,A
123.16965,-38.83308,HMST 255.9-02.6,DCld 255.9-02.6,65,22,B
123.78029,-38.68389,HMST 256.1-02.1,DCld 256.1-02.1,6,1,A
115.70299,-42.42986,HMST 256.1-09.3,DCld 256.1-09.3,2,1.5,A
115.79926,-42.39861,HMST 256.1-09.2,DCld 256.1-09.2,12,12,B
115.89553,-42.36736,HMST 256.1-09.1,DCld 256.1-09.1,2,1.5,A
109.86589,-44.58707,HMST 256.2-14.1,DCld 256.2-14.1,28,7,B
115.01381,-42.98684,HMST 256.4-10.0,DCld 256.4-10.0,22,12,B
114.88351,-43.59461,HMST 256.9-10.4,DCld 256.9-10.4,5,4,B
120.8107,-41.16505,HMST 256.9-05.4,DCld 256.9-05.4,16,8,B
129.32623,-36.63222,HMST 256.9+02.6,DCld 256.9+02.6,6,2,A
115.2156,-43.81941,HMST 257.2-10.3,DCld 257.2-10.3,4,1,A
124.29421,-39.88265,HMST 257.3-02.5,DCld 257.3-02.5,7,2,A
125.44892,-40.19726,HMST 258.1-01.9,DCld 258.1-01.9,8,8,A
128.17732,-39.41789,HMST 258.6+00.3,DCld 258.6+00.3,3,3,A
124.20318,-41.54897,HMST 258.6-03.4,DCld 258.6-03.4,22,16,C
124.89474,-41.21341,HMST 258.7-02.8,DCld 258.7-02.8,45,12,C
123.64794,-42.08674,HMST 258.9-04.1,DCld 258.9-04.1,4,2,A
112.63857,-46.72801,HMST 259.0-13.2,DCld 259.0-13.2,8,2,B
129.05899,-39.36791,HMST 259.0+00.8,DCld 259.0+00.8,120,65,B
131.81756,-37.71312,HMST 259.0+03.6,DCld 259.0+03.6,12,4,B
123.96439,-42.22135,HMST 259.1-04.0,DCld 259.1-04.0,12,2,A
123.96439,-42.22135,HMST 259.1-04.0,DCld 259.1-04.0,45,22,B
124.15719,-42.13213,HMST 259.1-03.8,DCld 259.1-03.8,3,2,A
128.63381,-39.88297,HMST 259.2+00.3,DCld 259.2+00.3,8,3,B
112.74075,-46.95681,HMST 259.2-13.2,DCld 259.2-13.2,14,2,A
129.29576,-39.57881,HMST 259.3+00.9,DCld 259.3+00.9,14,5,B
113.5387,-46.90538,HMST 259.4-12.7,DCld 259.4-12.7,22,7,B
108.55084,-48.48612,HMST 259.5-16.4,DCld 259.5-16.4,40,12,A
124.0703,-43.1418,HMST 259.9-04.4,DCld 259.9-04.4,3,2,B
128.88367,-40.64226,HMST 259.9-00.0,DCld 259.9-00.0,12,7,A
124.81559,-42.91312,HMST 260.0-03.8,DCld 260.0-03.8,5,2,A
130.68989,-39.75901,HMST 260.1+01.6,DCld 260.1+01.6,12,12,B
129.87945,-40.41267,HMST 260.2+00.7,DCld 260.2+00.7,22,12,A
129.66019,-40.72352,HMST 260.4+00.4,DCld 260.4+00.4,22,22,A
120.19202,-45.45086,HMST 260.4-08.0,DCld 260.4-08.0,6,3,B
131.5595,-39.65387,HMST 260.4+02.2,DCld 260.4+02.2,16,12,C
123.64519,-44.09843,HMST 260.5-05.2,DCld 260.5-05.2,3,1.5,A
130.28315,-40.65251,HMST 260.6+00.8,DCld 260.6+00.8,16,12,A
125.4477,-43.29897,HMST 260.6-03.7,DCld 260.6-03.7,22,12,A
114.34289,-47.94231,HMST 260.6-12.7,DCld 260.6-12.7,8,1.5,C
114.7861,-47.88593,HMST 260.7-12.4,DCld 260.7-12.4,7,2,B
129.82035,-41.1458,HMST 260.8+00.2,DCld 260.8+00.2,28,22,B
130.25609,-41.59409,HMST 261.3+00.2,DCld 261.3+00.2,14,6,B
131.17715,-41.31582,HMST 261.5+00.9,DCld 261.5+00.9,50,45,B
133.37446,-40.06206,HMST 261.6+03.0,DCld 261.6+03.0,12,12,C
125.50062,-44.5742,HMST 261.7-04.4,DCld 261.7-04.4,22,5,B
115.3746,-48.76021,HMST 261.7-12.5,DCld 261.7-12.5,16,12,B
131.13399,-42.15901,HMST 262.2+00.4,DCld 262.2+00.4,28,16,C
115.85957,-49.12568,HMST 262.2-12.3,DCld 262.2-12.3,35,35,B
132.26219,-41.5281,HMST 262.2+01.4,DCld 262.2+01.4,16,12,B
133.26714,-41.20503,HMST 262.4+02.2,DCld 262.4+02.2,6,2,B
114.66586,-49.84544,HMST 262.5-13.4,DCld 262.5-13.4,12,2,A
130.57333,-42.87862,HMST 262.5-00.4,DCld 262.5-00.4,22,14,B
133.22855,-41.36156,HMST 262.5+02.1,DCld 262.5+02.1,6,4,B
111.90425,-51.07481,HMST 262.9-15.5,DCld 262.9-15.5,16,2,A
113.08968,-50.76013,HMST 262.9-14.7,DCld 262.9-14.7,14,2,A
133.4477,-41.73067,HMST 262.9+02.0,DCld 262.9+02.0,12,5,B
133.31306,-41.87353,HMST 263.0+01.8,DCld 263.0+01.8,2,1,A
132.70871,-42.26972,HMST 263.0+01.2,DCld 263.0+01.2,35,3,A
116.85218,-49.68335,HMST 263.0-12.0,DCld 263.0-12.0,16,12,B
133.35433,-41.95534,HMST 263.1+01.8,DCld 263.1+01.8,4,2,A
133.50054,-41.96419,HMST 263.1+01.9,DCld 263.1+01.9,6,4,A
133.28162,-42.21342,HMST 263.2+01.6,DCld 263.2+01.6,100,16,B
133.96785,-42.08417,HMST 263.4+02.0,DCld 263.4+02.0,26,5,B
133.45566,-42.44404,HMST 263.5+01.5,DCld 263.5+01.5,6,1,B
130.99842,-44.23854,HMST 263.7-00.0,DCld 263.7-00.0,22,12,B
128.30696,-45.88014,HMST 263.9-03.5,DCld 263.9-03.5,50,16,B
118.22428,-50.31428,HMST 264.0-11.6,DCld 264.0-11.6,22,16,A
135.54719,-42.16797,HMST 264.3+02.9,DCld 264.3+02.9,12,5,C
134.12843,-43.10642,HMST 264.3+01.5,DCld 264.3+01.5,90,65,A
138.45849,-40.36096,HMST 264.4+05.7,DCld 264.4+05.7,3,1,A
138.45849,-40.36096,HMST 264.5+05.7,DCld 264.5+05.7,16,5,B
138.35326,-40.49229,HMST 264.5+05.6,DCld 264.5+05.6,5,1,A
118.91874,-50.63058,HMST 264.5-11.3,DCld 264.5-11.3,16,5,B
137.87429,-40.93407,HMST 264.5+05.0,DCld 264.5+05.0,9,2,A
132.62649,-45.11779,HMST 265.2-00.6,DCld 265.2-00.6,12,5,B
133.42721,-44.80064,HMST 265.3-00.0,DCld 265.3-00.0,4,2,A
138.88414,-41.22568,HMST 265.3+05.3,DCld 265.3+05.3,3,1.5,A
134.1234,-44.47808,HMST 265.3+00.6,DCld 265.3+00.6,12,8,A
133.76598,-44.7785,HMST 265.4+00.2,DCld 265.4+00.2,8,8,A
139.03829,-41.31617,HMST 265.4+05.4,DCld 265.4+05.4,4,1,A
121.55427,-50.77499,HMST 265.5-00.0,DCld 265.5-00.0,12,12,B
124.66621,-49.73097,HMST 265.7-07.7,DCld 265.7-07.7,3,3,A
125.36141,-49.59874,HMST 265.8-07.3,DCld 265.8-07.3,7,3,A
125.28956,-49.68179,HMST 265.8-07.4,DCld 265.8-07.4,85,22,B
125.25459,-49.84165,HMST 266.0-07.5,DCld 266.0-07.5,8,4,A
138.52978,-42.50121,HMST 266.0-04.3,DCld 266.0-04.3,12,1.5,A
129.22558,-48.05866,HMST 266.0-04.3,DCld 266.0-04.3,3,3,A
135.40527,-44.71418,HMST 266.1+01.1,DCld 266.1+01.1,40,16,A
125.1393,-50.09287,HMST 266.1-07.7,DCld 266.1-07.7,3,2,A
133.68597,-46.0299,HMST 266.3-00.7,DCld 266.3-00.7,12,8,A
134.4367,-45.71086,HMST 266.4-00.1,DCld 266.4-00.1,220,90,B
139.7968,-42.45359,HMST 266.6+05.0,DCld 266.6+05.0,35,22,B
135.4993,-45.63285,HMST 266.9+00.6,DCld 266.9+00.6,12,3,B
134.39204,-46.67905,HMST 267.1-00.7,DCld 267.1-00.7,5,3,A
126.6431,-50.66547,HMST 267.2-07.2,DCld 267.2-07.2,2,2,A
134.15652,-46.8599,HMST 267.2-00.0,DCld 267.2-00.0,4,2,A
134.36477,-46.97229,HMST 267.4-00.9,DCld 267.4-00.9,5,3,A
126.43459,-51.03466,HMST 267.4-07.5,DCld 267.4-07.5,3,4,A
134.04086,-47.22616,HMST 267.4-01.2,DCld 267.4-01.2,40,12,B
126.66465,-51.02723,HMST 267.5-07.4,DCld 267.5-07.4,2,2,A
128.00326,-50.54739,HMST 267.6-06.4,DCld 267.6-06.4,2,2,A
128.53662,-50.30609,HMST 267.6-06.0,DCld 267.6-06.0,12,2,A
140.00319,-43.61758,HMST 267.6+04.3,DCld 267.6+04.3,50,22,B
126.75978,-51.1326,HMST 267.6-07.4,DCld 267.6-07.4,28,22,B
126.8806,-51.17807,HMST 267.7-07.4,DCld 267.7-07.4,4,5,A
136.50604,-46.3796,HMST 267.9+00.6,DCld 267.9+00.6,28,35,A
139.69786,-44.31996,HMST 267.9+03.6,DCld 267.9+03.6,4,2,A
126.54964,-51.65512,HMST 267.9-07.8,DCld 267.9-07.8,3,1.5,A
137.94967,-45.64937,HMST 268.0+01.8,DCld 268.0+01.8,45,16,B
124.30112,-52.7229,HMST 268.1-09.5,DCld 268.1-09.5,2,2,A
124.14853,-52.90896,HMST 268.2-09.7,DCld 268.2-09.7,2,2,A
125.33707,-52.44037,HMST 268.2-08.9,DCld 268.2-08.9,4,2,A
124.4757,-52.81861,HMST 268.2-09.5,DCld 268.2-09.5,16,3,B
133.22991,-48.76999,HMST 268.2-02.7,DCld 268.2-02.7,12,12,B
132.64575,-49.10792,HMST 268.3-03.2,DCld 268.3-03.2,35,12,B
134.18326,-48.28001,HMST 268.3-01.9,DCld 268.3-01.9,28,28,C
135.09796,-47.90484,HMST 268.4-01.2,DCld 268.4-01.2,6,6,A
137.23543,-47.32204,HMST 268.9+00.3,DCld 268.9+00.3,55,22,B
135.58382,-48.36317,HMST 268.9-01.2,DCld 268.9-01.2,12,5,B
135.68253,-48.58018,HMST 269.1-01.3,DCld 269.1-01.3,8,5,C
139.66011,-46.3032,HMST 269.3+02.2,DCld 269.3+02.2,12,3,B
140.5793,-45.8144,HMST 269.4+03.0,DCld 269.4+03.0,14,4,A
128.26562,-52.76344,HMST 269.5-07.6,DCld 269.5-07.6,45,16,C
141.57871,-45.18412,HMST 269.5-04.0,DCld 269.5-04.0,8,4,A
133.15941,-50.66811,HMST 269.7-03.9,DCld 269.7-03.9,2.5,0.5,A
123.68456,-55.03714,HMST 269.9-11.1,DCld 269.9-11.1,28,5,B
139.78943,-46.98195,HMST 269.9+01.8,DCld 269.9+01.8,7,3,A
142.38028,-45.4332,HMST 270.1+04.2,DCld 270.1+04.2,22,4,B
137.12529,-49.1867,HMST 270.2-01.0,DCld 270.2-01.0,22,22,B
141.36107,-46.54014,HMST 270.3+02.9,DCld 270.3+02.9,80,45,B
133.14856,-51.86476,HMST 270.6-04.7,DCld 270.6-04.7,3,1,A
139.30632,-48.46544,HMST 270.7+00.5,DCld 270.7+00.5,130,130,B
128.36504,-54.40052,HMST 270.8-08.5,DCld 270.8-08.5,80,28,B
137.23951,-50.08876,HMST 270.9-01.6,DCld 270.9-01.6,7,3,B
144.4319,-45.82916,HMST 271.4+04.8,DCld 271.4+04.8,75,22,A
141.52963,-48.25067,HMST 271.6+01.7,DCld 271.6+01.7,3,2,A
141.43659,-48.39372,HMST 271.6+01.6,DCld 271.6+01.6,4,2,A
141.80978,-48.27985,HMST 271.7+01.8,DCld 271.7+01.8,3,2,A
138.43718,-50.50601,HMST 271.8-01.3,DCld 271.8-01.3,4,3,B
141.85475,-48.43665,HMST 271.9+01.7,DCld 271.9+01.7,45,22,B
141.89164,-48.54843,HMST 272.0+01.7,DCld 272.0+01.7,8,2,A
139.9861,-49.90926,HMST 272.0-00.2,DCld 272.0-00.2,8,5,A
142.08828,-48.55402,HMST 272.1+01.8,DCld 272.1+01.8,3,2,A
136.36403,-52.16254,HMST 272.1-03.4,DCld 272.1-03.4,5,2,B
118.44285,-59.20713,HMST 272.1-15.6,DCld 272.1-15.6,12,12,C
142.28086,-48.54293,HMST 272.2+01.9,DCld 272.2+01.9,8,2,A
142.76146,-48.63936,HMST 272.5+02.0,DCld 272.5+02.0,4,2,A
136.1236,-52.82674,HMST 272.5-03.9,DCld 272.5-03.9,22,12,B
145.08181,-47.69601,HMST 273.0+03.7,DCld 273.0+03.7,35,16,C
144.01531,-48.89301,HMST 273.2+02.4,DCld 273.2+02.4,6,4,A
144.18291,-48.86515,HMST 273.3+02.5,DCld 273.3+02.5,4,3,A
144.78845,-48.42686,HMST 273.3+03.1,DCld 273.3+03.1,6,4,B
139.25993,-52.25534,HMST 273.4-02.1,DCld 273.4-02.1,4,3,B
144.61914,-48.72139,HMST 273.4+02.8,DCld 273.4+02.8,20,2,A
145.08794,-48.71771,HMST 273.6+03.0,DCld 273.6+03.0,3,3,B
141.7394,-51.07634,HMST 273.7-00.2,DCld 273.7-00.2,22,5,B
145.41885,-48.67862,HMST 273.8+03.2,DCld 273.8+03.2,7,1,A
145.27149,-48.81322,HMST 273.8+03.0,DCld 273.8+03.0,3,3,B
144.95603,-49.05067,HMST 273.8+02.7,DCld 273.8+02.7,16,5,B
140.45777,-52.1991,HMST 273.9-01.6,DCld 273.9-01.6,3,2,B
142.48899,-51.04691,HMST 274.0+00.1,DCld 274.0+00.1,22,12,B
146.46758,-48.30315,HMST 274.1+03.9,DCld 274.1+03.9,1.5,1,A
145.2982,-49.21496,HMST 274.1+02.7,DCld 274.1+02.7,8,3,A
142.19581,-51.61105,HMST 274.2-00.4,DCld 274.2-00.4,5,3,A
146.25488,-48.85592,HMST 274.3+03.4,DCld 274.3+03.4,4,2,A
120.06131,-61.20072,HMST 274.4-15.8,DCld 274.4-15.8,12,2,C
146.98752,-48.83955,HMST 274.7+03.7,DCld 274.7+03.7,12,3,B
141.47509,-52.72389,HMST 274.7-01.5,DCld 274.7-01.5,12,12,C
143.27164,-51.64089,HMST 274.7+00.0,DCld 274.7+00.0,45,28,B
144.51523,-51.06779,HMST 274.9+00.0,DCld 274.9+00.0,5,4,B
143.41722,-52.31465,HMST 275.3-00.4,DCld 275.3-00.4,16,8,C
144.72163,-51.47837,HMST 275.3+00.8,DCld 275.3+00.8,4,2,A
146.11015,-50.51387,HMST 275.3+02.1,DCld 275.3+02.1,5,4,B
143.98438,-52.07629,HMST 275.4+00.0,DCld 275.4+00.0,8,2,B
146.36051,-50.64289,HMST 275.5+02.1,DCld 275.5+02.1,4,2,A
146.52286,-50.78499,HMST 275.7+02.0,DCld 275.7+02.0,12,7,B
144.74644,-52.09178,HMST 275.7+00.3,DCld 275.7+00.3,12,6,B
149.02604,-48.87316,HMST 275.7+04.5,DCld 275.7+04.5,12,5,B
146.63825,-51.0603,HMST 275.9+01.9,DCld 275.9+01.9,12,6,A
131.05807,-59.90072,HMST 276.2-10.6,DCld 276.2-10.6,4,3,A
144.57486,-53.16798,HMST 276.3-00.6,DCld 276.3-00.6,22,12,C
146.33798,-52.08117,HMST 276.4+00.0,DCld 276.4+00.0,28,16,C
147.36888,-51.38892,HMST 276.5+01.9,DCld 276.5+01.9,6,2,B
124.87909,-62.42383,HMST 276.6-14.5,DCld 276.6-14.5,7,5,C
132.07203,-60.18942,HMST 276.8-10.4,DCld 276.8-10.4,4,3,C
147.68899,-51.73976,HMST 276.9+01.7,DCld 276.9+01.7,16,3,B
143.30771,-54.91937,HMST 277.0-02.4,DCld 277.0-02.4,22,12,C
144.11159,-55.46336,HMST 277.7-02.5,DCld 277.7-02.5,5,3,B
148.34537,-53.1298,HMST 278.1+00.9,DCld 278.1+00.9,55,35,C
145.15887,-55.50631,HMST 278.2-02.1,DCld 278.2-02.1,28,5,C
142.14424,-57.80098,HMST 278.5-04.9,DCld 278.5-04.9,4,3,C
151.00151,-51.85967,HMST 278.6+02.9,DCld 278.6+02.9,35,12,C
147.10394,-54.94159,HMST 278.6-00.9,DCld 278.6-00.9,35,5,B
124.46584,-65.2023,HMST 279.0-16.1,DCld 279.0-16.1,16,12,C
148.01727,-54.98064,HMST 279.1-00.6,DCld 279.1-00.6,12,12,B
146.17347,-56.42911,HMST 279.2-02.4,DCld 279.2-02.4,16,3,B
150.4392,-53.90501,HMST 279.5+01.1,DCld 279.5+01.1,16,8,C
141.25146,-60.33667,HMST 279.9-07.0,DCld 279.9-07.0,3,3,C
140.39369,-60.83071,HMST 280.0-07.7,DCld 280.0-07.7,16,3,C
149.96964,-55.09055,HMST 280.0-00.0,DCld 280.0-00.0,5,5,C
152.48962,-53.74812,HMST 280.4+01.9,DCld 280.4+01.9,55,16,C
148.38617,-57.02161,HMST 280.5-02.1,DCld 280.5-02.1,22,6,C
147.38571,-59.49405,HMST 281.7-04.4,DCld 281.7-04.4,12,8,C
153.94176,-56.028,HMST 282.4+00.5,DCld 282.4+00.5,270,110,C
151.19475,-58.67185,HMST 282.7-02.5,DCld 282.7-02.5,3,2,B
150.55604,-59.24535,HMST 282.8-03.2,DCld 282.8-03.2,22,7,C
151.8749,-60.04678,HMST 283.8-03.4,DCld 283.8-03.4,3,2,B
152.78188,-60.01717,HMST 284.1-03.1,DCld 284.1-03.1,3,2,B
120.44692,-71.80296,HMST 284.4-20.4,DCld 284.4-20.4,8,6,C
153.96849,-59.68976,HMST 284.4-02.5,DCld 284.4-02.5,35,22,B
155.82181,-58.31026,HMST 284.5-00.8,DCld 284.5-00.8,40,5,C
153.80776,-60.31776,HMST 284.7-03.1,DCld 284.7-03.1,6,2,B
155.58099,-59.08811,HMST 284.8-01.6,DCld 284.8-01.6,28,16,C
120.14743,-72.40343,HMST 284.9-20.8,DCld 284.9-20.8,55,7,C
158.35596,-57.0984,HMST 285.0+00.9,DCld 285.0+00.9,22,7,C
158.29754,-57.71997,HMST 285.3+00.3,DCld 285.3+00.3,16,12,B
156.36344,-59.41967,HMST 285.3-01.6,DCld 285.3-01.6,3,2,A
157.65552,-58.35046,HMST 285.3-00.4,DCld 285.3-00.4,28,3,B
159.10277,-57.10473,HMST 285.4+01.1,DCld 285.4+01.1,5,3,B
162.97989,-53.36423,HMST 285.6+05.4,DCld 285.6+05.4,8,4,B
157.97204,-58.71438,HMST 285.7-00.6,DCld 285.7-00.6,28,16,B
162.15303,-54.53968,HMST 285.7+04.2,DCld 285.7+04.2,6,3,B
157.27722,-59.61143,HMST 285.8-01.6,DCld 285.8-01.6,16,12,C
162.84594,-54.31904,HMST 285.9+04.5,DCld 285.9+04.5,22,12,B
160.06589,-57.44638,HMST 286.0+01.0,DCld 286.0+01.0,16,4,C
163.43082,-53.83654,HMST 286.0+05.1,DCld 286.0+05.1,12,4,B
163.98131,-53.53063,HMST 286.2+05.5,DCld 286.2+05.5,7,4,B
159.81841,-58.13263,HMST 286.2+00.4,DCld 286.2+00.4,35,8,B
158.78381,-59.10085,HMST 286.2-00.7,DCld 286.2-00.7,12,8,B
158.23859,-59.62488,HMST 286.2-01.3,DCld 286.2-01.3,4,4,B
162.41259,-55.56507,HMST 286.3+03.3,DCld 286.3+03.3,16,5,B
159.34746,-58.9335,HMST 286.4-00.4,DCld 286.4-00.4,16,7,B
156.8362,-61.2306,HMST 286.5-03.1,DCld 286.5-03.1,12,12,B
160.25413,-58.2667,HMST 286.5+00.4,DCld 286.5+00.4,14,7,B
160.58721,-58.01224,HMST 286.5+00.7,DCld 286.5+00.7,22,5,B
157.48182,-61.38683,HMST 286.8-03.0,DCld 286.8-03.0,28,2,B
156.87601,-61.98402,HMST 286.9-03.7,DCld 286.9-03.7,12,2,B
163.21075,-56.24124,HMST 287.0+02.9,DCld 287.0+02.9,16,8,B
158.22221,-61.25819,HMST 287.1-02.7,DCld 287.1-02.7,16,5,B
159.55314,-60.19553,HMST 287.1-01.5,DCld 287.1-01.5,3,2,A
161.48714,-58.45368,HMST 287.1+00.5,DCld 287.1+00.5,16,3,B
163.095,-56.76607,HMST 287.1+02.4,DCld 287.1+02.4,6,5,B
162.15775,-57.87304,HMST 287.2+01.2,DCld 287.2+01.2,12,8,C
161.33805,-58.82845,HMST 287.2+00.1,DCld 287.2+00.1,22,12,B
159.00039,-61.12625,HMST 287.3-02.4,DCld 287.3-02.4,5,2,B
158.11637,-61.883,HMST 287.3-03.3,DCld 287.3-03.3,3,4,B
162.08698,-58.53793,HMST 287.4+00.6,DCld 287.4+00.6,12,3,B
167.7684,-51.83185,HMST 287.6+08.0,DCld 287.6+08.0,16,8,B
160.84214,-60.251,HMST 287.7-01.2,DCld 287.7-01.2,5,3,A
165.40397,-55.47082,HMST 287.7+04.1,DCld 287.7+04.1,6,3,C
163.87641,-57.47383,HMST 287.8+02.0,DCld 287.8+02.0,12,4,B
164.33076,-57.24278,HMST 287.9+02.3,DCld 287.9+02.3,14,4,B
164.32122,-57.49277,HMST 288.0+02.0,DCld 288.0+02.0,16,5,B
163.42202,-58.53654,HMST 288.1+00.9,DCld 288.1+00.9,12,3,B
162.72386,-59.52555,HMST 288.2-00.2,DCld 288.2-00.2,14,5,B
163.99372,-58.39066,HMST 288.3+01.2,DCld 288.3+01.2,3,3,B
168.3317,-52.79743,HMST 288.3+07.3,DCld 288.3+07.3,12,5,B
163.92188,-58.48557,HMST 288.3+01.1,DCld 288.3+01.1,7,2,B
163.51659,-59.70501,HMST 288.6-00.1,DCld 288.6-00.1,16,4,A
164.00577,-59.32735,HMST 288.7+00.3,DCld 288.7+00.3,4,4,B
164.19144,-59.15093,HMST 288.7+00.5,DCld 288.7+00.5,12,3,B
164.76872,-58.74503,HMST 288.8+01.0,DCld 288.8+01.0,22,12,B
165.99219,-57.38821,HMST 288.8+02.5,DCld 288.8+02.5,14,3,C
165.43856,-58.25421,HMST 288.9+01.6,DCld 288.9+01.6,3,2,B
160.63205,-63.16235,HMST 289.0-03.8,DCld 289.0-03.8,6,3,B
165.34485,-58.55076,HMST 289.0+01.3,DCld 289.0+01.3,12,12,B
158.59416,-64.85389,HMST 289.0-05.8,DCld 289.0-05.8,22,5,A
165.84525,-58.3797,HMST 289.1+01.6,DCld 289.1+01.6,7,5,B
166.18197,-58.18344,HMST 289.2+01.8,DCld 289.2+01.8,5,1,A
162.24795,-62.38486,HMST 289.3-02.8,DCld 289.3-02.8,3,3,A
165.1626,-59.7822,HMST 289.4+00.1,DCld 289.4+00.1,16,7,B
162.85749,-62.99243,HMST 289.8-03.2,DCld 289.8-03.2,12,3,B
168.35103,-58.60247,HMST 290.4+01.9,DCld 290.4+01.9,28,12,B
168.28726,-58.81241,HMST 290.5+01.7,DCld 290.5+01.7,4,1,B
168.20519,-59.40732,HMST 290.7+01.1,DCld 290.7+01.1,22,16,B
166.15697,-62.48342,HMST 290.9-02.1,DCld 290.9-02.1,12,12,B
164.98037,-63.73865,HMST 291.0-03.5,DCld 291.0-03.5,22,3,A
169.56877,-58.60863,HMST 291.0+02.1,DCld 291.0+02.1,8,5,C
166.78124,-62.09748,HMST 291.1-01.7,DCld 291.1-01.7,6,3,A
169.36185,-58.94844,HMST 291.1+01.7,DCld 291.1+01.7,7,2,B
165.86661,-63.25642,HMST 291.1-02.9,DCld 291.1-02.9,12,12,C
169.06547,-59.61483,HMST 291.2+01.1,DCld 291.2+01.1,14,4,C
167.26359,-62.31634,HMST 291.3-01.8,DCld 291.3-01.8,16,3,A
168.04515,-61.50217,HMST 291.4-00.9,DCld 291.4-00.9,35,16,B
168.61937,-60.88441,HMST 291.4-00.2,DCld 291.4-00.2,4,2,A
165.28199,-64.5657,HMST 291.4-04.2,DCld 291.4-04.2,12,12,C
169.73242,-59.88211,HMST 291.6+00.9,DCld 291.6+00.9,6,4,C
169.12848,-60.72323,HMST 291.6+00.0,DCld 291.6+00.0,12,16,A
169.0658,-61.67484,HMST 291.9-00.9,DCld 291.9-00.9,22,12,B
171.20134,-58.94832,HMST 292.0+02.1,DCld 292.0+02.1,12,7,B
168.44299,-62.74757,HMST 292.0-02.0,DCld 292.0-02.0,12,16,C
169.53609,-61.79861,HMST 292.1-00.9,DCld 292.1-00.9,22,16,B
170.10523,-61.36744,HMST 292.3-00.4,DCld 292.3-00.4,16,16,B
167.66837,-64.48845,HMST 292.3-03.7,DCld 292.3-03.7,16,3,A
172.31848,-58.95912,HMST 292.5+02.2,DCld 292.5+02.2,16,5,C
168.75124,-64.22121,HMST 292.7-03.3,DCld 292.7-03.3,5,5,B
172.53015,-59.95593,HMST 292.9+01.3,DCld 292.9+01.3,3,3,B
168.39163,-65.3442,HMST 293.0-04.4,DCld 293.0-04.4,5,5,B
172.38947,-60.70751,HMST 293.1+00.6,DCld 293.1+00.6,1.5,1.5,A
172.27513,-61.0141,HMST 293.1+00.3,DCld 293.1+00.3,22,12,B
170.1706,-63.9225,HMST 293.2-02.8,DCld 293.2-02.8,12,5,B
172.4854,-60.9709,HMST 293.2+00.4,DCld 293.2+00.4,3,1,A
169.15281,-65.49493,HMST 293.3-04.4,DCld 293.3-04.4,7,5,C
172.54353,-61.22261,HMST 293.3+00.1,DCld 293.3+00.1,2,1,A
172.08734,-61.96064,HMST 293.3-00.6,DCld 293.3-00.6,7,3,B
171.96477,-62.16555,HMST 293.3-00.9,DCld 293.3-00.9,3,2.5,A
170.67016,-64.18625,HMST 293.5-03.0,DCld 293.5-03.0,7,7,B
172.3473,-62.19248,HMST 293.5-00.8,DCld 293.5-00.8,28,5,B
171.75907,-63.29874,HMST 293.6-02.0,DCld 293.6-02.0,3,3,B
177.03848,-55.49136,HMST 294.0+06.3,DCld 294.0+06.3,4,2,B
177.26492,-55.67308,HMST 294.2+06.1,DCld 294.2+06.1,5,3,C
146.51371,-78.58241,HMST 294.2-19.0,DCld 294.2-19.0,35,35,C
173.10458,-63.4913,HMST 294.3-02.0,DCld 294.3-02.0,8,6,B
173.88579,-62.36841,HMST 294.3-00.8,DCld 294.3-00.8,6,3,B
175.88002,-59.04265,HMST 294.3+02.7,DCld 294.3+02.7,3,2,A
174.38761,-61.74367,HMST 294.3-00.1,DCld 294.3-00.1,2,1,A
172.58763,-64.58764,HMST 294.4-03.1,DCld 294.4-03.1,22,22,C
174.1377,-62.53188,HMST 294.4-00.9,DCld 294.4-00.9,7,3,B
173.00918,-64.38791,HMST 294.5-02.8,DCld 294.5-02.8,4,4,A
173.85407,-63.24673,HMST 294.5-01.6,DCld 294.5-01.6,5,4,B
173.33711,-64.4931,HMST 294.6-02.9,DCld 294.6-02.9,28,4,B
174.04211,-63.7235,HMST 294.7-02.1,DCld 294.7-02.1,12,7,B
173.68619,-64.5783,HMST 294.8-02.9,DCld 294.8-02.9,3,5,A
175.71193,-61.73926,HMST 294.9+00.1,DCld 294.9+00.1,2,1,A
174.20476,-64.26025,HMST 294.9-02.6,DCld 294.9-02.6,28,16,C
176.20901,-61.08277,HMST 295.0+00.8,DCld 295.0+00.8,8,3,B
177.49758,-58.55148,HMST 295.0+03.4,DCld 295.0+03.4,6,4,A
176.55016,-60.56288,HMST 295.0+01.3,DCld 295.0+01.3,5,3,B
174.88772,-63.75891,HMST 295.1-02.0,DCld 295.1-02.0,3,5,B
176.82706,-60.94297,HMST 295.2+00.0,DCld 295.2+00.0,5,1,B
164.81429,-74.01018,HMST 295.3-12.8,DCld 295.3-12.8,12,12,B
177.00299,-61.43469,HMST 295.4+00.5,DCld 295.4+00.5,3,2,A
177.04074,-61.5097,HMST 295.5+00.4,DCld 295.5+00.4,2,2,A
177.86931,-61.04823,HMST 295.7+00.0,DCld 295.7+00.0,2,2,A
177.25417,-62.33975,HMST 295.8-00.3,DCld 295.8-00.3,12,7,B
176.79256,-64.52296,HMST 296.1-02.5,DCld 296.1-02.5,22,16,C
173.1943,-69.70636,HMST 296.2-07.9,DCld 296.2-07.9,16,12,C
162.66324,-77.0773,HMST 296.2-15.8,DCld 296.2-15.8,16,5,A
176.49184,-65.5662,HMST 296.2-03.6,DCld 296.2-03.6,14,4,B
177.17069,-64.99473,HMST 296.4-02.9,DCld 296.4-02.9,28,8,B
164.04362,-77.12422,HMST 296.5-15.7,DCld 296.5-15.7,16,12,A
167.32019,-76.17149,HMST 296.8-14.5,DCld 296.8-14.5,45,16,B
179.17518,-63.98176,HMST 297.0-01.7,DCld 297.0-01.7,4,2,B
180.98787,-60.0318,HMST 297.0+02.3,DCld 297.0+02.3,3,2,A
165.58949,-77.69953,HMST 297.1-16.1,DCld 297.1-16.1,18,8,A
167.62618,-76.82349,HMST 297.2-15.1,DCld 297.2-15.1,28,8,A
166.70155,-77.30082,HMST 297.2-15.6,DCld 297.2-15.6,100,45,B
167.02766,-77.36452,HMST 297.3-15.6,DCld 297.3-15.6,22,12,A
181.56776,-60.15342,HMST 297.3+02.2,DCld 297.3+02.2,3,1.5,A
180.43346,-65.15182,HMST 297.7-02.8,DCld 297.7-02.8,8,3,A
181.35139,-65.28844,HMST 298.1-02.8,DCld 298.1-02.8,5,3,B
174.62476,-75.29381,HMST 298.3-13.1,DCld 298.3-13.1,14,6,A
181.66712,-65.18674,HMST 298.3-02.7,DCld 298.3-02.7,22,3,B
180.94347,-66.90347,HMST 298.3-04.5,DCld 298.3-04.5,7,7,C
181.7851,-65.31173,HMST 298.3-02.8,DCld 298.3-02.8,4,1.5,A
184.5876,-59.22772,HMST 298.7+03.4,DCld 298.7+03.4,6,3,A
184.7215,-58.85267,HMST 298.7+03.8,DCld 298.7+03.8,16,8,B
182.89832,-66.55154,HMST 299.0-04.0,DCld 299.0-04.0,14,8,B
184.9662,-62.13924,HMST 299.3+00.5,DCld 299.3+00.5,45,16,B
186.28536,-57.32698,HMST 299.4+05.4,DCld 299.4+05.4,9,6,B
186.58249,-56.80683,HMST 299.5+05.9,DCld 299.5+05.9,3,2,B
186.66276,-57.09679,HMST 299.6+05.6,DCld 299.6+05.6,6,3,A
185.53551,-66.45235,HMST 300.0-03.7,DCld 300.0-03.7,3,2,A
187.46669,-58.13467,HMST 300.1+04.6,DCld 300.1+04.6,8,5,B
186.08006,-65.37376,HMST 300.1-02.7,DCld 300.1-02.7,24,2,B
186.05288,-66.17878,HMST 300.2-03.5,DCld 300.2-03.5,8,4,A
187.77662,-57.77614,HMST 300.2+05.0,DCld 300.2+05.0,7,4,C
178.6309,-79.46338,HMST 300.2-16.9,DCld 300.2-16.9,22,16,C
187.0755,-65.89991,HMST 300.6-03.1,DCld 300.6-03.1,9,4,A
187.14231,-65.72987,HMST 300.6-03.0,DCld 300.6-03.0,16,3,B
187.71268,-63.80786,HMST 300.7-01.0,DCld 300.7-01.0,16,16,A
187.64699,-64.31457,HMST 300.7-01.5,DCld 300.7-01.5,7,3,C
188.67051,-57.62222,HMST 300.7+05.2,DCld 300.7+05.2,12,8,C
187.97475,-65.3627,HMST 300.9-02.6,DCld 300.9-02.6,55,22,B
188.26818,-63.84084,HMST 300.9-01.0,DCld 300.9-01.0,55,5,A
186.87967,-71.42003,HMST 301.0-08.6,DCld 301.0-08.6,150,12,A
183.48568,-78.57475,HMST 301.0-15.8,DCld 301.0-15.8,12,5,A
189.07788,-63.21027,HMST 301.2-00.4,DCld 301.2-00.4,5,2,A
188.11389,-70.75429,HMST 301.4-07.9,DCld 301.4-07.9,6,2,A
188.5895,-70.48064,HMST 301.5-07.7,DCld 301.5-07.7,4,2,A
189.47061,-65.63332,HMST 301.5-02.8,DCld 301.5-02.8,16,8,B
188.78915,-70.66383,HMST 301.6-07.8,DCld 301.6-07.8,22,4,A
190.54039,-55.23576,HMST 301.6+07.6,DCld 301.6+07.6,8,4,A
190.36397,-58.15925,HMST 301.6+04.7,DCld 301.6+04.7,8,6,B
189.86449,-64.253,HMST 301.6-01.4,DCld 301.6-01.4,22,3,C
189.2337,-69.51184,HMST 301.7-06.7,DCld 301.7-06.7,7,6,A
186.40228,-79.38197,HMST 301.7-16.6,DCld 301.7-16.6,28,12,B
189.28738,-69.99847,HMST 301.7-07.2,DCld 301.7-07.2,7,2,A
189.91606,-65.4413,HMST 301.7-02.6,DCld 301.7-02.6,5,2,A
189.91606,-65.4413,HMST 301.7-02.6,DCld 301.7-02.6,40,35,B
190.76258,-55.1739,HMST 301.7+07.7,DCld 301.7+07.7,7,3,A
189.80741,-67.31306,HMST 301.8-04.5,DCld 301.8-04.5,4,3,B
190.7852,-62.10056,HMST 302.0+00.8,DCld 302.0+00.8,16,4,B
187.55329,-80.53801,HMST 302.0-17.7,DCld 302.0-17.7,16,3,A
190.22789,-69.87106,HMST 302.0-07.0,DCld 302.0-07.0,4,1.5,A
191.41775,-55.42331,HMST 302.1+07.4,DCld 302.1+07.4,14,3,A
188.95539,-80.5471,HMST 302.3-17.7,DCld 302.3-17.7,12,4,A
188.95539,-80.5471,HMST 302.3-17.7,DCld 302.3-17.7,65,35,B
191.32403,-66.51843,HMST 302.3-03.7,DCld 302.3-03.7,7,7,B
191.70316,-61.45139,HMST 302.4+01.4,DCld 302.4+01.4,12,12,B
190.25641,-80.32944,HMST 302.5-17.5,DCld 302.5-17.5,5,1,A
191.98538,-65.06446,HMST 302.6-02.2,DCld 302.6-02.2,16,12,C
191.14429,-78.80366,HMST 302.6-15.9,DCld 302.6-15.9,6,3,A
191.96196,-69.24783,HMST 302.6-06.4,DCld 302.6-06.4,5,3,A
192.17912,-65.81928,HMST 302.7-02.9,DCld 302.7-02.9,12,12,B
192.47181,-58.19396,HMST 302.7+04.7,DCld 302.7+04.7,16,4,B
192.19219,-79.65603,HMST 302.8-16.8,DCld 302.8-16.8,3,3,A
192.59901,-61.58384,HMST 302.8+01.3,DCld 302.8+01.3,35,35,B
192.59867,-76.92392,HMST 302.9-14.1,DCld 302.9-14.1,12,5,A
192.60203,-79.63729,HMST 302.9-16.8,DCld 302.9-16.8,5,2,A
192.87307,-62.64022,HMST 302.9+00.2,DCld 302.9+00.2,35,12,B
193.18639,-79.46335,HMST 303.0-16.6,DCld 303.0-16.6,100,22,B
193.35113,-80.38819,HMST 303.0-17.5,DCld 303.0-17.5,14,3,A
193.26624,-77.12656,HMST 303.0-14.3,DCld 303.0-14.3,12,12,A
193.78562,-78.95436,HMST 303.1-16.1,DCld 303.1-16.1,8,7,A
193.22798,-54.76482,HMST 303.1+08.1,DCld 303.1+08.1,5,5,C
193.79286,-76.69932,HMST 303.2-13.8,DCld 303.2-13.8,8,6,A
193.37283,-64.08136,HMST 303.2-01.2,DCld 303.2-01.2,12,12,B
194.23865,-80.19721,HMST 303.2-17.3,DCld 303.2-17.3,6,3,A
193.57901,-63.33947,HMST 303.3-00.5,DCld 303.3-00.5,22,22,A
193.58659,-61.55112,HMST 303.3+01.3,DCld 303.3+01.3,12,3,A
194.79833,-79.12487,HMST 303.3-16.3,DCld 303.3-16.3,6,3,A
194.5694,-77.20177,HMST 303.3-14.3,DCld 303.3-14.3,110,65,A
193.95997,-64.47071,HMST 303.4-01.6,DCld 303.4-01.6,12,12,B
195.26855,-77.2676,HMST 303.5-14.4,DCld 303.5-14.4,9,5,A
194.20824,-61.47542,HMST 303.6+01.4,DCld 303.6+01.4,5,5,A
194.26109,-61.94202,HMST 303.6+00.9,DCld 303.6+00.9,9,3,A
195.81177,-77.38359,HMST 303.6-14.5,DCld 303.6-14.5,3,3,A
194.59408,-66.13999,HMST 303.6-03.3,DCld 303.6-03.3,35,5,B
194.65923,-66.40991,HMST 303.7-03.5,DCld 303.7-03.5,5,2,B
196.28014,-77.39965,HMST 303.7-14.5,DCld 303.7-14.5,6,5,A
196.35185,-77.67957,HMST 303.7-14.8,DCld 303.7-14.8,3,3,A
196.47266,-77.87941,HMST 303.7-15.0,DCld 303.7-15.0,4,3,A
196.62657,-78.03921,HMST 303.7-15.2,DCld 303.7-15.2,4,4,A
194.71296,-61.54816,HMST 303.8+01.3,DCld 303.8+01.3,190,65,B
194.72948,-61.49314,HMST 303.8+01.4,DCld 303.8+01.4,8,4,A
194.72867,-61.33814,HMST 303.8+01.5,DCld 303.8+01.5,3,5,A
196.73326,-77.01571,HMST 303.8-14.2,DCld 303.8-14.2,14,6,A
195.12478,-66.70435,HMST 303.8-03.8,DCld 303.8-03.8,22,12,B
195.03092,-64.15778,HMST 303.9-01.3,DCld 303.9-01.3,12,8,B
195.44422,-64.3106,HMST 304.1-01.5,DCld 304.1-01.5,5,5,A
195.52997,-63.91716,HMST 304.1-01.1,DCld 304.1-01.1,7,7,B
195.7884,-63.55516,HMST 304.2-00.7,DCld 304.2-00.7,8,3,B
195.57222,-61.12876,HMST 304.2+01.7,DCld 304.2+01.7,9,9,A
195.64636,-61.617,HMST 304.3+01.2,DCld 304.3+01.2,12,6,B
196.01359,-62.58987,HMST 304.4+00.2,DCld 304.4+00.2,35,12,B
196.83266,-63.11544,HMST 304.7-00.3,DCld 304.7-00.3,100,45,C
196.84255,-61.35375,HMST 304.8+01.5,DCld 304.8+01.5,7,7,B
197.13379,-62.23502,HMST 304.9+00.6,DCld 304.9+00.6,22,16,A
197.97331,-66.39219,HMST 305.0-03.6,DCld 305.0-03.6,12,5,B
198.13462,-66.07028,HMST 305.1-03.3,DCld 305.1-03.3,5,3,B
198.10086,-65.08199,HMST 305.1-02.3,DCld 305.1-02.3,3,3,B
198.07455,-64.42869,HMST 305.2-01.6,DCld 305.2-01.6,12,5,B
197.6003,-61.57269,HMST 305.2+01.2,DCld 305.2+01.2,14,7,B
199.443,-64.07327,HMST 305.8-01.3,DCld 305.8-01.3,16,5,B
199.8554,-64.58762,HMST 305.9-01.9,DCld 305.9-01.9,7,5,A
200.09247,-65.21724,HMST 306.0-02.5,DCld 306.0-02.5,5,3,B
199.69703,-62.69952,HMST 306.1+00.0,DCld 306.1+00.0,6,4,A
199.88091,-62.55756,HMST 306.2+00.1,DCld 306.2+00.1,6,2,A
200.09863,-62.98721,HMST 306.2-00.3,DCld 306.2-00.3,12,5,B
200.21274,-62.52702,HMST 306.3+00.2,DCld 306.3+00.2,35,35,A
199.45029,-57.67489,HMST 306.5+05.0,DCld 306.5+05.0,12,6,B
201.21889,-63.71534,HMST 306.6-01.1,DCld 306.6-01.1,6,3,B
201.1794,-61.98706,HMST 306.8+00.6,DCld 306.8+00.6,6,6,B
201.84822,-64.02258,HMST 306.9-01.4,DCld 306.9-01.4,22,3,C
201.46636,-62.65824,HMST 306.9-00.1,DCld 306.9-00.1,28,12,B
202.13801,-64.42707,HMST 306.9-01.8,DCld 306.9-01.8,35,22,C
200.38604,-56.13836,HMST 307.1+06.5,DCld 307.1+06.5,5,3,B
202.37389,-63.56997,HMST 307.2-01.0,DCld 307.2-01.0,5,5,B
201.78715,-61.24767,HMST 307.2+01.3,DCld 307.2+01.3,16,5,C
202.21703,-62.45858,HMST 307.2+00.1,DCld 307.2+00.1,4,3,A
201.45268,-59.71491,HMST 307.3+02.9,DCld 307.3+02.9,3,3,A
200.78378,-55.99436,HMST 307.4+06.6,DCld 307.4+06.6,7,4,C
200.87321,-56.24088,HMST 307.4+06.4,DCld 307.4+06.4,4,4,B
201.34615,-58.18508,HMST 307.4+04.4,DCld 307.4+04.4,6,3,B
201.13506,-57.28377,HMST 307.4+05.3,DCld 307.4+05.3,1.5,1.5,A
203.71362,-63.85415,HMST 307.7-01.4,DCld 307.7-01.4,12,1,B
203.87553,-63.20716,HMST 307.9-00.8,DCld 307.9-00.8,4,3,B
203.08235,-60.34531,HMST 308.0+02.1,DCld 308.0+02.1,16,1,A
204.33355,-63.62128,HMST 308.0-01.2,DCld 308.0-01.2,22,12,B
204.0339,-62.61185,HMST 308.0-00.2,DCld 308.0-00.2,16,12,B
200.46022,-48.35654,HMST 308.1+14.2,DCld 308.1+14.2,12,12,C
204.68197,-63.14559,HMST 308.2-00.8,DCld 308.2-00.8,35,16,B
202.52858,-56.67297,HMST 308.3+05.8,DCld 308.3+05.8,22,7,C
204.79394,-62.54869,HMST 308.4-00.2,DCld 308.4-00.2,1,3,B
204.33122,-61.06126,HMST 308.5+01.3,DCld 308.5+01.3,12,1,B
204.72196,-62.03383,HMST 308.5+00.3,DCld 308.5+00.3,22,7,B
205.03872,-62.2132,HMST 308.6+00.1,DCld 308.6+00.1,35,3,B
205.75267,-63.85176,HMST 308.6-01.5,DCld 308.6-01.5,65,35,B
204.87222,-59.4135,HMST 309.0+02.9,DCld 309.0+02.9,8,6,B
204.23682,-56.15474,HMST 309.3+06.2,DCld 309.3+06.2,22,7,C
205.7168,-60.03179,HMST 309.3+02.2,DCld 309.3+02.2,35,16,C
204.01666,-55.12849,HMST 309.3+07.2,DCld 309.3+07.2,28,7,C
207.75545,-64.01246,HMST 309.4-01.9,DCld 309.4-01.9,16,1,B
207.3536,-63.02167,HMST 309.5-00.9,DCld 309.5-00.9,45,28,C
210.50133,-67.32782,HMST 309.7-05.4,DCld 309.7-05.4,4,3,B
208.00535,-63.06189,HMST 309.7-00.0,DCld 309.7-00.0,5,5,B
209.2761,-63.58066,HMST 310.2-01.6,DCld 310.2-01.6,5,3,B
209.56516,-63.85499,HMST 310.2-01.9,DCld 310.2-01.9,8,4,B
248.45068,-81.65268,HMST 310.4-22.2,DCld 310.4-22.2,22,5,A
207.79239,-59.75066,HMST 310.4+02.3,DCld 310.4+02.3,12,1,B
207.16196,-58.11537,HMST 310.4+03.9,DCld 310.4+03.9,14,7,C
206.48982,-56.27013,HMST 310.5+05.8,DCld 310.5+05.8,22,22,C
210.26321,-63.88833,HMST 310.5-02.0,DCld 310.5-02.0,22,3,B
206.9715,-56.7741,HMST 310.6+05.3,DCld 310.6+05.3,22,16,C
210.8092,-64.19201,HMST 310.6-02.4,DCld 310.6-02.4,5,3,B
243.56958,-80.60692,HMST 310.7-21.0,DCld 310.7-21.0,16,3,A
210.61134,-63.14581,HMST 310.9-01.4,DCld 310.9-01.4,3,3,B
207.77422,-55.839,HMST 311.3+06.1,DCld 311.3+06.1,22,16,C
239.81404,-79.04395,HMST 311.4-19.4,DCld 311.4-19.4,22,4,B
209.65452,-59.13305,HMST 311.5+02.6,DCld 311.5+02.6,3,2,B
250.65015,-80.49898,HMST 311.6-21.8,DCld 311.6-21.8,12,8,B
211.77288,-61.89792,HMST 311.7-00.3,DCld 311.7-00.3,12,8,B
210.37931,-59.00798,HMST 311.9+02.6,DCld 311.9+02.6,8,2,B
207.93,-53.42696,HMST 311.9+08.4,DCld 311.9+08.4,28,12,C
210.75467,-58.7604,HMST 312.1+02.8,DCld 312.1+02.8,14,3,B
211.06247,-58.46797,HMST 312.3+03.1,DCld 312.3+03.1,7,2,B
211.386,-58.52384,HMST 312.5+03.0,DCld 312.5+03.0,7,4,B
257.69017,-80.19295,HMST 312.5-22.6,DCld 312.5-22.6,35,12,A
211.8155,-58.24276,HMST 312.8+03.2,DCld 312.8+03.2,6,5,B
294.96768,-80.86239,HMST 313.1-28.7,DCld 313.1-28.7,60,45,B
212.40137,-57.63126,HMST 313.3+03.7,DCld 313.3+03.7,3,2,B
215.01197,-61.37438,HMST 313.3-00.3,DCld 313.3-00.3,20,20,B
213.00865,-57.54302,HMST 313.6+03.6,DCld 313.6+03.6,35,22,B
212.99519,-57.44472,HMST 313.6+03.7,DCld 313.6+03.7,14,5,A
213.32814,-57.62885,HMST 313.7+03.5,DCld 313.7+03.5,3,3,A
259.72288,-78.88288,HMST 314.0-22.3,DCld 314.0-22.3,16,12,A
259.72288,-78.88288,HMST 314.0-22.3,DCld 314.0-22.3,220,22,B
213.8801,-57.45906,HMST 314.1+03.6,DCld 314.1+03.6,12,12,C
222.11926,-65.26493,HMST 314.8-05.1,DCld 314.8-05.1,12,5,A
295.71981,-79.06678,HMST 315.1-29.0,DCld 315.1-29.0,28,12,B
215.79731,-55.76378,HMST 315.6+04.8,DCld 315.6+04.8,14,6,C
221.34214,-62.43067,HMST 315.7-02.4,DCld 315.7-02.4,22,8,C
221.98448,-63.00363,HMST 315.7-03.1,DCld 315.7-03.1,18,14,B
287.53619,-78.60067,HMST 315.8-27.5,DCld 315.8-27.5,2,2,A
287.73909,-78.60139,HMST 315.8-27.5,DCld 315.8-27.5,3,1,A
216.30283,-55.58736,HMST 316.0+04.9,DCld 316.0+04.9,16,4,B
223.53961,-63.67026,HMST 316.0-04.0,DCld 316.0-04.0,16,3,A
216.63547,-55.76308,HMST 316.1+04.7,DCld 316.1+04.7,12,7,B
222.72872,-62.83123,HMST 316.1-03.1,DCld 316.1-03.1,14,12,B
216.51029,-55.35343,HMST 316.2+05.1,DCld 316.2+05.1,12,5,A
216.7417,-55.45943,HMST 316.3+04.9,DCld 316.3+04.9,4,3,A
216.97727,-55.56042,HMST 316.3+04.8,DCld 316.3+04.8,12,3,C
209.38228,-39.9052,HMST 316.5+21.2,DCld 316.5+21.2,60,22,A
224.5642,-63.46183,HMST 316.5-04.0,DCld 316.5-04.0,16,2,A
218.41144,-56.97624,HMST 316.5+03.2,DCld 316.5+03.2,5,3,C
225.90498,-64.53063,HMST 316.6-05.2,DCld 316.6-05.2,4,2,A
225.63429,-63.95321,HMST 316.7-04.7,DCld 316.7-04.7,5,2,B
224.67718,-62.9381,HMST 316.8-03.6,DCld 316.8-03.6,12,3,A
225.73488,-63.70952,HMST 316.9-04.5,DCld 316.9-04.5,3,2,A
226.30049,-64.13258,HMST 316.9-04.9,DCld 316.9-04.9,4,2,A
223.33944,-61.60086,HMST 316.9-02.1,DCld 316.9-02.1,5,1.5,A
226.80677,-64.5075,HMST 316.9-05.4,DCld 316.9-05.4,40,5,A
225.08297,-63.1234,HMST 316.9-03.8,DCld 316.9-03.8,18,14,A
226.16865,-63.80136,HMST 317.0-04.6,DCld 317.0-04.6,6,3,A
225.65317,-63.35146,HMST 317.0-04.1,DCld 317.0-04.1,12,4,A
225.98745,-63.51698,HMST 317.1-04.3,DCld 317.1-04.3,14,3,A
224.17105,-61.96144,HMST 317.1-02.6,DCld 317.1-02.6,12,4,A
227.17714,-64.11952,HMST 317.2-05.1,DCld 317.2-05.1,7,5,B
217.58383,-54.01531,HMST 317.2+06.1,DCld 317.2+06.1,26,9,B
219.69941,-56.69567,HMST 317.3+03.1,DCld 317.3+03.1,22,22,C
227.04964,-63.79995,HMST 317.3-04.8,DCld 317.3-04.8,22,5,B
293.21578,-76.9575,HMST 317.6-28.7,DCld 317.6-28.7,5,4,B
220.9584,-57.26844,HMST 317.7+02.3,DCld 317.7+02.3,9,3,B
224.04665,-60.30515,HMST 317.8-01.1,DCld 317.8-01.1,16,7,B
217.9553,-52.84753,HMST 317.9+07.1,DCld 317.9+07.1,22,14,B
224.50101,-60.4203,HMST 317.9-01.3,DCld 317.9-01.3,22,12,B
220.42809,-55.82007,HMST 318.0+03.8,DCld 318.0+03.8,3,2,C
225.96754,-61.23698,HMST 318.2-02.3,DCld 318.2-02.3,24,22,C
224.35234,-59.65411,HMST 318.2-00.6,DCld 318.2-00.6,14,3,B
228.14059,-62.87272,HMST 318.2-04.3,DCld 318.2-04.3,100,65,B
224.58426,-59.75833,HMST 318.3-00.7,DCld 318.3-00.7,5,5,B
222.86745,-57.11231,HMST 318.7+02.0,DCld 318.7+02.0,12,2,B
213.81408,-43.35576,HMST 318.7+16.9,DCld 318.7+16.9,26,18,A
229.38221,-62.65823,HMST 318.8-04.4,DCld 318.8-04.4,3,2,A
224.00087,-57.30691,HMST 319.2+01.6,DCld 319.2+01.6,22,8,C
231.1291,-63.05678,HMST 319.3-05.2,DCld 319.3-05.2,3,1,A
229.18501,-61.64391,HMST 319.3-03.5,DCld 319.3-03.5,16,14,B
223.80892,-56.62753,HMST 319.4+02.2,DCld 319.4+02.2,22,4,B
224.14678,-56.4964,HMST 319.6+02.3,DCld 319.6+02.3,4,3,A
230.7706,-62.22143,HMST 319.6-04.4,DCld 319.6-04.4,6,4,C
225.0823,-56.99325,HMST 319.8+01.6,DCld 319.8+01.6,18,5,A
228.37536,-59.93679,HMST 319.9-01.8,DCld 319.9-01.8,20,12,A
228.80697,-60.22691,HMST 319.9-02.2,DCld 319.9-02.2,3,1,A
231.80033,-62.38757,HMST 319.9-04.8,DCld 319.9-04.8,3,2,A
228.47882,-59.54975,HMST 320.1-01.5,DCld 320.1-01.5,8,6,B
231.61226,-61.93326,HMST 320.1-04.3,DCld 320.1-04.3,3,1,A
226.82204,-57.80892,HMST 320.2+00.4,DCld 320.2+00.4,3,2,C
227.56729,-58.11297,HMST 320.4-00.0,DCld 320.4-00.0,16,7,B
231.26209,-61.02788,HMST 320.5-03.5,DCld 320.5-03.5,2,1,A
231.43953,-61.11889,HMST 320.5-03.6,DCld 320.5-03.6,3,2,A
231.75251,-61.04104,HMST 320.7-03.6,DCld 320.7-03.6,14,14,A
232.63809,-61.64102,HMST 320.7-04.4,DCld 320.7-04.4,12,5,B
229.70787,-59.36194,HMST 320.7-01.7,DCld 320.7-01.7,14,2,A
230.06783,-59.63395,HMST 320.7-02.0,DCld 320.7-02.0,6,4,A
223.77619,-53.39925,HMST 320.8+05.1,DCld 320.8+05.1,3,3,B
230.39825,-59.59773,HMST 320.9-02.1,DCld 320.9-02.1,3,1,A
232.44755,-61.01506,HMST 321.0-03.8,DCld 321.0-03.8,12,6,B
233.55627,-61.67916,HMST 321.0-04.7,DCld 321.0-04.7,16,5,C
227.39404,-56.61355,HMST 321.1+01.3,DCld 321.1+01.3,35,22,B
231.31203,-59.06097,HMST 321.6-01.9,DCld 321.6-01.9,9,6,A
231.65055,-59.01136,HMST 321.8-01.9,DCld 321.8-01.9,8,5,B
230.4506,-57.92916,HMST 321.8-00.7,DCld 321.8-00.7,22,16,C
234.87437,-61.10732,HMST 321.9-04.6,DCld 321.9-04.6,8,4,C
233.79832,-60.35817,HMST 321.9-03.7,DCld 321.9-03.7,5,3,C
226.97994,-54.3683,HMST 322.0+03.4,DCld 322.0+03.4,12,3,C
232.40235,-58.87184,HMST 322.2-02.0,DCld 322.2-02.0,4,3,B
235.32239,-60.85221,HMST 322.2-04.5,DCld 322.2-04.5,22,12,A
227.80627,-53.30702,HMST 323.0+04.0,DCld 323.0+04.0,3,2,A
234.53486,-58.96359,HMST 323.0-02.7,DCld 323.0-02.7,45,45,C
227.9703,-53.3881,HMST 323.0+03.9,DCld 323.0+03.9,3,2,B
232.72719,-57.53056,HMST 323.1-01.0,DCld 323.1-01.0,12,12,C
227.97738,-53.25974,HMST 323.1+04.0,DCld 323.1+04.0,3,2,B
225.62646,-50.13794,HMST 323.4+07.4,DCld 323.4+07.4,16,4,B
227.52193,-51.583,HMST 323.7+05.6,DCld 323.7+05.6,45,16,B
225.7623,-48.84245,HMST 324.1+08.5,DCld 324.1+08.5,12,6,B
237.7381,-59.03577,HMST 324.3-03.8,DCld 324.3-03.8,22,7,C
225.04273,-47.18489,HMST 324.5+10.2,DCld 324.5+10.2,14,12,B
247.92403,-63.04225,HMST 325.1-10.1,DCld 325.1-10.1,14,14,C
236.77588,-57.02961,HMST 325.1-01.9,DCld 325.1-01.9,9,6,B
237.58964,-57.47966,HMST 325.2-02.6,DCld 325.2-02.6,8,1,B
229.3036,-50.61156,HMST 325.2+05.8,DCld 325.2+05.8,3,3,A
238.03943,-57.62783,HMST 325.3-02.8,DCld 325.3-02.8,14,3,B
235.2216,-55.58579,HMST 325.3-00.3,DCld 325.3-00.3,16,12,B
234.877,-55.11881,HMST 325.4+00.2,DCld 325.4+00.2,12,1,B
229.75799,-50.44156,HMST 325.5+05.8,DCld 325.5+05.8,28,14,A
238.61138,-57.54215,HMST 325.6-03.0,DCld 325.6-03.0,28,12,C
230.25775,-50.20471,HMST 325.9+05.9,DCld 325.9+05.9,3,2,A
236.90893,-55.69571,HMST 326.0-00.9,DCld 326.0-00.9,35,12,B
236.609,-54.78523,HMST 326.4-00.1,DCld 326.4-00.1,22,12,B
230.86056,-49.80413,HMST 326.5+06.0,DCld 326.5+06.0,12,2,B
236.32855,-54.063,HMST 326.7+00.6,DCld 326.7+00.6,14,8,B
231.57319,-49.99145,HMST 326.8+05.6,DCld 326.8+05.6,3,2,A
231.76155,-50.01074,HMST 326.9+05.5,DCld 326.9+05.5,3,2,A
240.7848,-56.83474,HMST 326.9-03.2,DCld 326.9-03.2,8,7,C
238.92816,-55.61578,HMST 326.9-01.6,DCld 326.9-01.6,35,16,B
235.58263,-52.81762,HMST 327.2+01.8,DCld 327.2+01.8,12,3,A
239.99871,-54.29297,HMST 328.3-00.0,DCld 328.3-00.0,35,22,C
240.28508,-53.77509,HMST 328.7-00.7,DCld 328.7-00.7,3,2,A
240.98389,-53.48214,HMST 329.2-00.7,DCld 329.2-00.7,8,6,B
241.20827,-53.01451,HMST 329.6-00.5,DCld 329.6-00.5,20,7,B
243.88912,-54.51139,HMST 329.8-02.7,DCld 329.8-02.7,14,14,C
240.87335,-52.23924,HMST 330.0+00.2,DCld 330.0+00.2,28,16,B
245.02064,-54.42979,HMST 330.3-03.1,DCld 330.3-03.1,12,8,B
243.65807,-53.4157,HMST 330.5-01.8,DCld 330.5-01.8,9,4,B
243.60618,-53.27258,HMST 330.5-01.6,DCld 330.5-01.6,3,2,B
242.24583,-52.38175,HMST 330.5-00.4,DCld 330.5-00.4,22,14,C
237.57487,-48.91285,HMST 330.6+04.1,DCld 330.6+04.1,16,12,B
245.39827,-54.22479,HMST 330.6-03.1,DCld 330.6-03.1,28,12,C
243.42598,-52.88169,HMST 330.7-01.3,DCld 330.7-01.3,7,7,A
243.18051,-52.2594,HMST 331.0-00.7,DCld 331.0-00.7,7,1,A
245.01901,-53.30643,HMST 331.1-02.3,DCld 331.1-02.3,3,2,A
236.24895,-45.94316,HMST 331.7+07.0,DCld 331.7+07.0,24,5,A
241.37201,-50.03208,HMST 331.7+01.7,DCld 331.7+01.7,35,22,C
242.44961,-50.78583,HMST 331.7+00.7,DCld 331.7+00.7,35,35,C
244.95394,-52.05335,HMST 332.0-01.3,DCld 332.0-01.3,8,3,B
243.64744,-51.04901,HMST 332.1-00.1,DCld 332.1-00.1,6,5,B
245.0899,-51.52274,HMST 332.4-01.0,DCld 332.4-01.0,16,12,C
247.78594,-53.06583,HMST 332.4-03.3,DCld 332.4-03.3,220,45,C
237.56982,-45.50781,HMST 332.7+06.8,DCld 332.7+06.8,6,2,A
239.20102,-46.21944,HMST 333.1+05.5,DCld 333.1+05.5,6,3,B
244.7926,-49.53066,HMST 333.7+00.5,DCld 333.7+00.5,16,12,B
245.908,-49.54909,HMST 334.2+00.0,DCld 334.2+00.0,3,1,A
235.2759,-41.04363,HMST 334.2+11.3,DCld 334.2+11.3,28,6,B
230.44213,-35.44049,HMST 334.4+18.1,DCld 334.4+18.1,28,16,B
231.09743,-36.11638,HMST 334.5+17.2,DCld 334.5+17.2,16,5,C
241.57528,-45.92113,HMST 334.6+04.6,DCld 334.6+04.6,12,5,A
247.04956,-49.6807,HMST 334.6-00.6,DCld 334.6-00.6,12,1,C
247.94407,-50.14338,HMST 334.6-01.4,DCld 334.6-01.4,8,7,A
248.28357,-50.25686,HMST 334.7-01.6,DCld 334.7-01.6,16,4,B
235.40012,-40.28312,HMST 334.7+11.9,DCld 334.7+11.9,14,5,B
247.69462,-49.86116,HMST 334.7-01.0,DCld 334.7-01.0,28,22,B
230.08567,-34.41013,HMST 334.8+19.1,DCld 334.8+19.1,22,12,C
245.10378,-48.08593,HMST 334.8+01.4,DCld 334.8+01.4,12,6,C
249.17013,-50.37286,HMST 335.0-02.1,DCld 335.0-02.1,270,110,B
248.49744,-49.95755,HMST 335.0-01.5,DCld 335.0-01.5,12,7,C
250.05186,-50.80554,HMST 335.1-02.8,DCld 335.1-02.8,24,5,A
229.61684,-33.41185,HMST 335.1+20.1,DCld 335.1+20.1,5,3,C
246.71445,-48.78217,HMST 335.1+00.2,DCld 335.1+00.2,65,35,C
248.17136,-49.53568,HMST 335.2-01.0,DCld 335.2-01.0,12,12,B
243.26464,-46.14723,HMST 335.3+03.7,DCld 335.3+03.7,28,12,B
248.41885,-49.24789,HMST 335.5-00.0,DCld 335.5-00.0,20,5,C
239.42623,-42.59011,HMST 335.6+08.2,DCld 335.6+08.2,16,5,A
250.64257,-50.24283,HMST 335.7-02.7,DCld 335.7-02.7,110,80,B
240.77647,-43.29113,HMST 335.9+07.0,DCld 335.9+07.0,7,3,A
237.03109,-39.99657,HMST 335.9+11.3,DCld 335.9+11.3,12,5,C
239.93135,-42.563,HMST 335.9+07.9,DCld 335.9+07.9,7,4,A
239.84654,-42.39502,HMST 336.0+08.1,DCld 336.0+08.1,9,4,A
242.78447,-44.72594,HMST 336.0+04.9,DCld 336.0+04.9,22,5,B
251.39004,-50.25774,HMST 336.0-03.1,DCld 336.0-03.1,16,22,B
230.89391,-33.30544,HMST 336.1+19.6,DCld 336.1+19.6,150,110,B
252.20204,-50.44568,HMST 336.2-03.6,DCld 336.2-03.6,7,3,A
249.26549,-48.75906,HMST 336.2-01.0,DCld 336.2-01.0,12,5,A
249.50442,-48.84964,HMST 336.3-01.2,DCld 336.3-01.2,26,12,A
248.55011,-48.21394,HMST 336.3-00.3,DCld 336.3-00.3,14,3,B
249.83533,-48.95314,HMST 336.4-01.5,DCld 336.4-01.5,35,16,B
234.71893,-36.99244,HMST 336.4+14.8,DCld 336.4+14.8,55,22,C
240.25739,-42.05829,HMST 336.4+08.2,DCld 336.4+08.2,16,5,A
250.48863,-49.14351,HMST 336.5-01.9,DCld 336.5-01.9,80,55,B
240.70551,-42.22808,HMST 336.6+07.8,DCld 336.6+07.8,3,3,A
248.29428,-47.68341,HMST 336.6+00.2,DCld 336.6+00.2,22,12,C
231.2379,-32.83081,HMST 336.6+19.8,DCld 336.6+19.8,8,4,A
249.12999,-48.16799,HMST 336.6-00.6,DCld 336.6-00.6,3.5,1.5,B
240.40621,-41.85933,HMST 336.7+08.2,DCld 336.7+08.2,22,12,A
251.07834,-49.24415,HMST 336.7-02.3,DCld 336.7-02.3,5,1,A
240.81315,-42.10762,HMST 336.7+07.8,DCld 336.7+07.8,4,3,A
233.4551,-35.12236,HMST 336.7+16.9,DCld 336.7+16.9,12,4,C
252.27266,-49.66867,HMST 336.8-03.1,DCld 336.8-03.1,16,16,B
250.65139,-48.74442,HMST 336.9-01.7,DCld 336.9-01.7,16,12,A
243.53866,-44.03933,HMST 336.9+05.1,DCld 336.9+05.1,24,7,A
240.62621,-41.68507,HMST 336.9+08.3,DCld 336.9+08.3,6,5,A
241.04617,-41.99997,HMST 336.9+07.8,DCld 336.9+07.8,16,2,A
237.76401,-39.09024,HMST 336.9+11.6,DCld 336.9+11.6,5,4,C
239.8898,-40.92315,HMST 337.0+09.2,DCld 337.0+09.2,6,3,B
235.51112,-36.80597,HMST 337.0+14.5,DCld 337.0+14.5,16,3,A
232.87245,-33.9846,HMST 337.0+18.1,DCld 337.0+18.1,14,12,C
248.24187,-47.02197,HMST 337.1+00.6,DCld 337.1+00.6,3,1,C
249.78763,-47.97334,HMST 337.1-00.8,DCld 337.1-00.8,55,16,B
255.4306,-50.99068,HMST 337.1-05.5,DCld 337.1-05.5,16,1,B
254.67476,-50.59587,HMST 337.1-04.9,DCld 337.1-04.9,8,2,A
238.33806,-39.38289,HMST 337.1+11.1,DCld 337.1+11.1,28,5,C
249.38384,-47.67349,HMST 337.1-00.4,DCld 337.1-00.4,22,22,B
250.6854,-48.40259,HMST 337.1-01.5,DCld 337.1-01.5,7,2,C
250.56695,-48.25146,HMST 337.2-01.4,DCld 337.2-01.4,4,2,B
241.48763,-41.84976,HMST 337.3+07.7,DCld 337.3+07.7,14,4,A
255.94808,-50.99158,HMST 337.3-05.8,DCld 337.3-05.8,14,1,B
251.35111,-48.59288,HMST 337.3-02.0,DCld 337.3-02.0,14,12,B
251.65711,-48.71481,HMST 337.3-02.2,DCld 337.3-02.2,5,1.5,B
250.45839,-47.84028,HMST 337.5-01.0,DCld 337.5-01.0,4,4,B
306.9393,-59.51631,HMST 337.5-35.3,DCld 337.5-35.3,7,3,C
250.65042,-47.84107,HMST 337.5-01.1,DCld 337.5-01.1,8,1,B
234.58578,-34.98794,HMST 337.6+16.4,DCld 337.6+16.4,16,3,A
251.57784,-48.32017,HMST 337.6-01.9,DCld 337.6-01.9,28,16,B
241.89553,-41.68135,HMST 337.6+07.6,DCld 337.6+07.6,28,8,A
307.18554,-59.34867,HMST 337.7-35.4,DCld 337.7-35.4,4,3,C
254.1584,-49.59325,HMST 337.7-04.0,DCld 337.7-04.0,12,5,A
242.32258,-41.83286,HMST 337.7+07.3,DCld 337.7+07.3,12,1,A
251.47011,-47.99232,HMST 337.8-01.6,DCld 337.8-01.6,6,4,A
232.95819,-32.88092,HMST 337.8+18.9,DCld 337.8+18.9,16,22,C
307.32399,-59.17979,HMST 337.9-35.5,DCld 337.9-35.5,6,3,C
251.25479,-47.7533,HMST 337.9-01.4,DCld 337.9-01.4,9,0.5,A
234.85593,-34.78021,HMST 337.9+16.4,DCld 337.9+16.4,20,5,A
234.85593,-34.78021,HMST 337.9+16.4,DCld 337.9+16.4,65,35,B
251.73655,-47.92443,HMST 338.0-01.7,DCld 338.0-01.7,14,6,B
252.15553,-48.07917,HMST 338.0-02.0,DCld 338.0-02.0,60,55,B
290.72374,-58.83558,HMST 338.0-26.9,DCld 338.0-26.9,50,50,C
242.83512,-41.70233,HMST 338.1+07.1,DCld 338.1+07.1,16,7,A
235.13488,-34.6491,HMST 338.2+16.4,DCld 338.2+16.4,12,3,A
249.16747,-46.0211,HMST 338.2+00.8,DCld 338.2+00.8,2,2,A
252.36615,-47.86152,HMST 338.3-02.0,DCld 338.3-02.0,24,14,A
238.87852,-37.80231,HMST 338.5+12.1,DCld 338.5+12.1,7,3,A
240.90711,-39.56385,HMST 338.5+09.7,DCld 338.5+09.7,6,3,A
247.76913,-44.65737,HMST 338.6+02.5,DCld 338.6+02.5,7,1.5,B
248.26455,-44.97515,HMST 338.6+02.0,DCld 338.6+02.0,12,8,A
241.1205,-39.62961,HMST 338.6+09.5,DCld 338.6+09.5,5,3,A
252.55448,-47.50231,HMST 338.6-01.9,DCld 338.6-01.9,22,12,B
239.18348,-37.83104,HMST 338.6+11.9,DCld 338.6+11.9,14,5,A
234.75231,-33.4606,HMST 338.7+17.5,DCld 338.7+17.5,45,16,A
248.65753,-45.04172,HMST 338.7+01.8,DCld 338.7+01.8,22,2,A
236.26362,-34.9146,HMST 338.7+15.6,DCld 338.7+15.6,8,3,A
249.81485,-45.61483,HMST 338.8+00.8,DCld 338.8+00.8,3,2,C
235.64957,-34.14205,HMST 338.8+16.5,DCld 338.8+16.5,310,80,B
235.64957,-34.14205,HMST 338.8+16.5,DCld 338.8+16.5,35,16,A
254.07514,-48.06027,HMST 338.8-03.0,DCld 338.8-03.0,8,8,B
236.75812,-35.22928,HMST 338.9+15.1,DCld 338.9+15.1,16,3,A
241.47002,-39.4648,HMST 338.9+09.5,DCld 338.9+09.5,6,4,A
247.5751,-43.94989,HMST 339.0+03.1,DCld 339.0+03.1,8,6,B
236.98779,-35.24001,HMST 339.0+15.0,DCld 339.0+15.0,7,3,A
236.3998,-34.64905,HMST 339.0+15.8,DCld 339.0+15.8,7,1,A
250.42121,-45.73707,HMST 339.0+00.4,DCld 339.0+00.4,45,5,A
239.66663,-37.66236,HMST 339.1+11.7,DCld 339.1+11.7,16,3,A
251.68854,-46.45628,HMST 339.1-00.8,DCld 339.1-00.8,2,2,A
237.43241,-35.58488,HMST 339.1+14.5,DCld 339.1+14.5,22,4,B
236.75191,-34.89096,HMST 339.1+15.4,DCld 339.1+15.4,28,7,A
236.30166,-34.28944,HMST 339.2+16.1,DCld 339.2+16.1,35,16,A
234.50444,-32.43156,HMST 339.2+18.5,DCld 339.2+18.5,12,12,C
249.74327,-45.09347,HMST 339.2+01.2,DCld 339.2+01.2,16,5,A
251.5045,-45.98045,HMST 339.3-00.3,DCld 339.3-00.3,16,3,A
241.93524,-39.13614,HMST 339.4+09.5,DCld 339.4+09.5,12,12,A
252.21583,-46.17218,HMST 339.5-00.8,DCld 339.5-00.8,16,5,A
254.42255,-47.35197,HMST 339.5-02.8,DCld 339.5-02.8,22,35,B
245.64916,-41.74007,HMST 339.6+05.6,DCld 339.6+05.6,5,2,B
236.01241,-33.36225,HMST 339.6+16.9,DCld 339.6+16.9,8,5,B
240.37909,-37.45271,HMST 339.6+11.5,DCld 339.6+11.5,14,8,B
242.52779,-39.10361,HMST 339.7+09.2,DCld 339.7+09.2,22,9,A
255.48825,-47.51532,HMST 339.9-03.4,DCld 339.9-03.4,22,16,B
245.69059,-41.16821,HMST 340.0+06.0,DCld 340.0+06.0,8,8,A
247.2635,-42.12958,HMST 340.2+04.5,DCld 340.2+04.5,22,5,B
243.06918,-38.92461,HMST 340.2+09.0,DCld 340.2+09.0,28,6,A
256.56556,-47.59858,HMST 340.2-04.1,DCld 340.2-04.1,12,16,B
246.38064,-41.3385,HMST 340.3+05.5,DCld 340.3+05.5,8,3,A
245.91776,-40.85887,HMST 340.4+06.1,DCld 340.4+06.1,8,2,B
246.52191,-41.2562,HMST 340.4+05.5,DCld 340.4+05.5,3,2,A
246.56676,-41.121,HMST 340.5+05.6,DCld 340.5+05.6,6,4,B
248.72844,-42.62968,HMST 340.5+03.4,DCld 340.5+03.4,4,3,C
251.68704,-44.51291,HMST 340.5+00.5,DCld 340.5+00.5,7,2,A
245.68458,-40.38656,HMST 340.6+06.6,DCld 340.6+06.6,5,2,A
243.51387,-38.65101,HMST 340.6+09.0,DCld 340.6+09.0,8,4,A
245.9108,-40.49556,HMST 340.6+06.4,DCld 340.6+06.4,14,3,A
242.67361,-37.87296,HMST 340.7+00.0,DCld 340.7+00.0,3,3,A
255.03685,-46.18907,HMST 340.7-02.4,DCld 340.7-02.4,250,150,B
242.97129,-38.06335,HMST 340.7+09.7,DCld 340.7+09.7,12,16,A
245.80046,-40.25604,HMST 340.7+06.6,DCld 340.7+06.6,12,3,A
247.56751,-41.52655,HMST 340.8+04.7,DCld 340.8+04.7,14,2,C
248.98996,-42.46017,HMST 340.8+03.3,DCld 340.8+03.3,12,1,B
243.48619,-38.27779,HMST 340.9+09.2,DCld 340.9+09.2,7,5,A
249.45766,-42.49305,HMST 341.0+03.1,DCld 341.0+03.1,4,3,C
242.80858,-37.46904,HMST 341.1+10.2,DCld 341.1+10.2,35,5,B
246.75833,-40.52847,HMST 341.1+05.9,DCld 341.1+05.9,3,2,B
246.50551,-40.21459,HMST 341.1+06.2,DCld 341.1+06.2,18,5,A
246.27441,-40.01061,HMST 341.2+06.5,DCld 341.2+06.5,14,4,A
248.95851,-41.67863,HMST 341.3+03.9,DCld 341.3+03.9,8,8,B
250.71052,-42.59901,HMST 341.5+02.3,DCld 341.5+02.3,16,5,A
250.04622,-42.00537,HMST 341.6+03.1,DCld 341.6+03.1,35,28,B
244.91721,-38.19489,HMST 341.7+08.5,DCld 341.7+08.5,6,1,A
256.75402,-45.58431,HMST 341.9-03.0,DCld 341.9-03.0,8,4,A
253.22263,-43.57913,HMST 342.0+00.3,DCld 342.0+00.3,20,7,A
244.37768,-37.43724,HMST 342.0+09.4,DCld 342.0+09.4,22,7,A
247.61197,-39.72965,HMST 342.1+05.9,DCld 342.1+05.9,120,90,B
257.82525,-45.92592,HMST 342.1-03.8,DCld 342.1-03.8,35,14,A
261.87369,-47.83331,HMST 342.1-07.1,DCld 342.1-07.1,16,12,B
244.18753,-37.0964,HMST 342.1+09.7,DCld 342.1+09.7,22,12,A
245.70555,-38.13309,HMST 342.2+08.1,DCld 342.2+08.1,16,1.5,B
245.01276,-37.53946,HMST 342.3+08.9,DCld 342.3+08.9,28,16,B
245.92197,-38.0488,HMST 342.4+08.1,DCld 342.4+08.1,45,14,C
244.52439,-36.92326,HMST 342.4+09.6,DCld 342.4+09.6,6,4,A
247.51581,-39.15007,HMST 342.5+06.4,DCld 342.5+06.4,5,2,A
246.55062,-38.41936,HMST 342.5+07.4,DCld 342.5+07.4,3,2,A
244.3769,-36.7139,HMST 342.5+09.9,DCld 342.5+09.9,8,5,B
250.69817,-41.10071,HMST 342.6+03.3,DCld 342.6+03.3,22,3,B
244.69405,-36.71085,HMST 342.7+09.7,DCld 342.7+09.7,7,2,A
245.10016,-36.9024,HMST 342.8+09.3,DCld 342.8+09.3,9,7,B
245.65381,-37.30497,HMST 342.8+08.7,DCld 342.8+08.7,14,7,B
245.51831,-37.02223,HMST 342.9+09.0,DCld 342.9+09.0,5,4,B
251.54141,-41.14684,HMST 343.0+02.8,DCld 343.0+02.8,28,6,A
258.88444,-45.03587,HMST 343.3-03.8,DCld 343.3-03.8,35,5,B
255.40321,-42.94561,HMST 343.4-00.6,DCld 343.4-00.6,120,65,B
251.20986,-40.38502,HMST 343.4+03.5,DCld 343.4+03.5,7,2,A
258.90277,-44.76911,HMST 343.5-03.7,DCld 343.5-03.7,22,8,B
254.76459,-42.42359,HMST 343.6+00.1,DCld 343.6+00.1,14,4,A
250.90528,-39.85307,HMST 343.7+04.0,DCld 343.7+04.0,9,2,B
257.5422,-43.77721,HMST 343.7-02.3,DCld 343.7-02.3,150,90,B
244.83519,-35.35354,HMST 343.7+10.6,DCld 343.7+10.6,55,28,C
248.09453,-37.82912,HMST 343.8+07.0,DCld 343.8+07.0,3,3,B
253.41442,-41.10986,HMST 344.0+01.7,DCld 344.0+01.7,14,5,B
252.83152,-40.74089,HMST 344.0+02.3,DCld 344.0+02.3,16,14,C
253.94641,-41.37239,HMST 344.0+01.2,DCld 344.0+01.2,20,5,B
253.63094,-41.05885,HMST 344.1+01.6,DCld 344.1+01.6,12,4,A
256.66375,-42.55634,HMST 344.3-01.1,DCld 344.3-01.1,12,1,A
253.30151,-40.56204,HMST 344.3+02.1,DCld 344.3+02.1,8,4,B
251.61541,-39.42314,HMST 344.4+03.8,DCld 344.4+03.8,8,6,A
254.91077,-41.45789,HMST 344.4+00.6,DCld 344.4+00.6,24,12,C
252.28965,-39.7517,HMST 344.5+03.2,DCld 344.5+03.2,3,2,A
253.6349,-40.51882,HMST 344.5+02.0,DCld 344.5+02.0,5,1,A
248.96356,-37.40686,HMST 344.5+06.7,DCld 344.5+06.7,12,2,C
259.82039,-43.88471,HMST 344.6-03.7,DCld 344.6-03.7,75,50,B
260.44836,-44.14672,HMST 344.6-04.3,DCld 344.6-04.3,5,3,A
245.70284,-34.67305,HMST 344.7+10.5,DCld 344.7+10.5,12,2,B
245.87031,-34.76064,HMST 344.8+10.4,DCld 344.8+10.4,12,2,B
252.19422,-39.28047,HMST 344.8+03.6,DCld 344.8+03.6,12,3,C
252.71828,-39.61305,HMST 344.8+03.1,DCld 344.8+03.1,22,4,B
251.85444,-39.0387,HMST 344.8+04.0,DCld 344.8+04.0,7,4,C
248.36127,-36.60956,HMST 344.8+07.6,DCld 344.8+07.6,4,2,A
251.58967,-38.78491,HMST 344.9+04.3,DCld 344.9+04.3,12,12,C
253.29186,-39.87373,HMST 344.9+02.6,DCld 344.9+02.6,22,12,C
245.90726,-34.66881,HMST 344.9+10.4,DCld 344.9+10.4,22,16,B
246.05752,-34.67648,HMST 344.9+10.3,DCld 344.9+10.3,16,5,B
259.89984,-43.45099,HMST 345.0-03.5,DCld 345.0-03.5,2,2,A
246.33793,-34.80524,HMST 345.0+10.1,DCld 345.0+10.1,4,3,B
252.13284,-38.89241,HMST 345.0+03.9,DCld 345.0+03.9,16,7,B
252.89098,-39.28892,HMST 345.1+03.2,DCld 345.1+03.2,20,14,C
255.28447,-40.74279,HMST 345.1+00.8,DCld 345.1+00.8,28,6,A
260.68964,-43.63055,HMST 345.2-04.1,DCld 345.2-04.1,6,2,B
259.34471,-42.93363,HMST 345.2-02.9,DCld 345.2-02.9,28,22,B
260.18659,-43.34129,HMST 345.2-03.6,DCld 345.2-03.6,6,5,A
262.0361,-44.04077,HMST 345.4-05.1,DCld 345.4-05.1,12,3,B
260.72903,-43.37703,HMST 345.4-04.0,DCld 345.4-04.0,12,9,A
261.83058,-43.91009,HMST 345.4-04.9,DCld 345.4-04.9,3,2,B
257.52202,-41.47059,HMST 345.6-00.0,DCld 345.6-00.0,6,1.5,B
262.19097,-43.65335,HMST 345.7-05.0,DCld 345.7-05.0,16,12,C
249.21611,-35.94236,HMST 345.8+07.6,DCld 345.8+07.6,3,2,A
252.68325,-38.30653,HMST 345.8+03.9,DCld 345.8+03.9,22,12,C
259.19572,-42.11266,HMST 345.8-02.3,DCld 345.8-02.3,22,16,C
253.63473,-38.90379,HMST 345.8+03.0,DCld 345.8+03.0,50,22,C
249.20971,-35.61905,HMST 346.0+07.8,DCld 346.0+07.8,5,2,A
249.72014,-35.83007,HMST 346.1+07.3,DCld 346.1+07.3,2,1,A
249.31755,-35.52689,HMST 346.1+07.8,DCld 346.1+07.8,5,1.5,A
270.76087,-46.66358,HMST 346.2-11.7,DCld 346.2-11.7,3,1.5,A
249.40905,-35.48648,HMST 346.2+07.7,DCld 346.2+07.7,35,12,B
249.44211,-35.43966,HMST 346.3+07.8,DCld 346.3+07.8,7,2,A
261.56895,-42.64632,HMST 346.3-04.1,DCld 346.3-04.1,22,8,A
262.65744,-43.14109,HMST 346.4-05.0,DCld 346.4-05.0,2,2,A
259.44929,-41.53143,HMST 346.4-02.2,DCld 346.4-02.2,16,4,B
249.3656,-35.23167,HMST 346.4+07.9,DCld 346.4+07.9,4,2,A
254.4251,-38.6201,HMST 346.4+02.7,DCld 346.4+02.7,22,7,B
257.84446,-40.62571,HMST 346.4-00.6,DCld 346.4-00.6,6,4,A
257.68516,-40.52647,HMST 346.4-00.5,DCld 346.4-00.5,5,3,A
257.14385,-40.12069,HMST 346.5+00.1,DCld 346.5+00.1,40,3,C
249.5659,-35.2391,HMST 346.5+07.8,DCld 346.5+07.8,4,1.5,B
257.81771,-40.41584,HMST 346.5-00.5,DCld 346.5-00.5,35,16,A
266.59297,-44.51377,HMST 346.7-08.2,DCld 346.7-08.2,4,2,B
257.9162,-40.2187,HMST 346.8-00.4,DCld 346.8-00.4,5,4,A
247.46274,-33.26021,HMST 346.8+10.4,DCld 346.8+10.4,22,12,C
263.12509,-42.75383,HMST 346.9-05.1,DCld 346.9-05.1,22,16,C
257.23621,-39.67691,HMST 346.9+00.3,DCld 346.9+00.3,5,3,B
255.86325,-38.51003,HMST 347.2+01.8,DCld 347.2+01.8,4,3,B
261.44274,-41.5619,HMST 347.2-03.4,DCld 347.2-03.4,20,14,B
251.03933,-35.36071,HMST 347.2+06.8,DCld 347.2+06.8,18,14,A
255.53178,-38.25158,HMST 347.2+02.2,DCld 347.2+02.2,12,2,B
262.2819,-41.68954,HMST 347.4-04.0,DCld 347.4-04.0,16,4,B
256.11614,-38.3105,HMST 347.4+01.8,DCld 347.4+01.8,5,2,B
267.0023,-43.7201,HMST 347.5-08.0,DCld 347.5-08.0,6,3,A
261.42664,-41.1403,HMST 347.5-03.2,DCld 347.5-03.2,28,3,B
260.48015,-40.64483,HMST 347.5-02.3,DCld 347.5-02.3,22,8,B
251.17381,-34.89842,HMST 347.6+07.0,DCld 347.6+07.0,22,12,B
262.80263,-41.64036,HMST 347.7-04.3,DCld 347.7-04.3,26,6,B
263.09389,-41.57396,HMST 347.9-04.4,DCld 347.9-04.4,14,4,A
261.52322,-40.72483,HMST 347.9-03.0,DCld 347.9-03.0,12,9,A
254.9507,-36.95595,HMST 348.0+03.4,DCld 348.0+03.4,55,40,B
254.60686,-36.70422,HMST 348.0+03.7,DCld 348.0+03.7,4,3,A
261.2985,-40.27423,HMST 348.2-02.6,DCld 348.2-02.6,4,0.5,A
256.28886,-37.43467,HMST 348.2+02.2,DCld 348.2+02.2,14,4,B
257.12909,-37.69738,HMST 348.4+01.5,DCld 348.4+01.5,18,3,B
329.80065,-48.32697,HMST 348.6-50.6,DCld 348.6-50.6,14,5,C
255.19176,-36.26647,HMST 348.6+03.6,DCld 348.6+03.6,14,8,A
260.57352,-39.31102,HMST 348.7-01.6,DCld 348.7-01.6,3,1.5,B
323.20349,-49.2299,HMST 348.9-46.2,DCld 348.9-46.2,12,3,C
256.1819,-36.50349,HMST 348.9+02.9,DCld 348.9+02.9,5,4,B
263.54271,-40.4201,HMST 349.0-04.1,DCld 349.0-04.1,22,6,A
255.73695,-36.10558,HMST 349.0+03.4,DCld 349.0+03.4,12,12,A
256.10962,-36.31383,HMST 349.0+03.0,DCld 349.0+03.0,2.5,2.5,A
256.11254,-36.14048,HMST 349.2+03.1,DCld 349.2+03.1,3,1,A
256.192,-36.17177,HMST 349.2+03.1,DCld 349.2+03.1,1,1,A
254.98539,-35.39909,HMST 349.2+04.3,DCld 349.2+04.3,6,5,B
257.47338,-36.89407,HMST 349.2+01.8,DCld 349.2+01.8,4,2,B
256.20371,-36.06005,HMST 349.3+03.1,DCld 349.3+03.1,2,1,A
261.64344,-39.10755,HMST 349.3-02.2,DCld 349.3-02.2,28,9,B
257.0911,-36.5142,HMST 349.3+02.3,DCld 349.3+02.3,3,1,A
263.84141,-39.73865,HMST 349.7-03.9,DCld 349.7-03.9,20,4,B
263.49299,-39.44199,HMST 349.8-03.5,DCld 349.8-03.5,18,6,A
261.69212,-38.40897,HMST 349.9-01.8,DCld 349.9-01.8,22,2,B
263.85391,-39.22358,HMST 350.2-03.7,DCld 350.2-03.7,12,9,A
265.12944,-39.73409,HMST 350.2-04.8,DCld 350.2-04.8,20,1,B
263.7978,-38.98384,HMST 350.3-03.5,DCld 350.3-03.5,9,2,B
255.75006,-34.41715,HMST 350.4+04.4,DCld 350.4+04.4,14,14,A
258.76075,-36.17128,HMST 350.4+01.4,DCld 350.4+01.4,12,6,B
264.76721,-39.2725,HMST 350.5-04.3,DCld 350.5-04.3,5,4,B
257.72865,-35.29283,HMST 350.6+02.6,DCld 350.6+02.6,45,35,B
264.77187,-38.81413,HMST 350.9-04.0,DCld 350.9-04.0,4,1,C
261.99273,-37.38417,HMST 350.9-01.4,DCld 350.9-01.4,14,3,B
256.66621,-34.23117,HMST 351.0+03.9,DCld 351.0+03.9,4,3,A
264.49471,-38.55547,HMST 351.0-03.7,DCld 351.0-03.7,6,2,B
255.58383,-33.27625,HMST 351.2+05.2,DCld 351.2+05.2,2,2,A
260.69624,-36.28704,HMST 351.2+00.0,DCld 351.2+00.0,28,5,B
255.68389,-33.27411,HMST 351.2+05.1,DCld 351.2+05.1,7,4,A
256.51692,-33.7452,HMST 351.3+04.3,DCld 351.3+04.3,12,12,B
264.36168,-38.0711,HMST 351.3-03.4,DCld 351.3-03.4,12,2,A
256.52361,-33.50183,HMST 351.5+04.4,DCld 351.5+04.4,14,7,B
262.04938,-36.60389,HMST 351.6-01.0,DCld 351.6-01.0,5,2,B
261.58879,-36.33443,HMST 351.6-00.6,DCld 351.6-00.6,6,5,B
264.90308,-38.00848,HMST 351.6-03.7,DCld 351.6-03.7,12,6,B
260.52034,-35.60787,HMST 351.7+00.5,DCld 351.7+00.5,12,5,A
259.5319,-34.98258,HMST 351.8+01.6,DCld 351.8+01.6,35,8,A
258.37184,-34.25643,HMST 351.8+02.8,DCld 351.8+02.8,2,1,A
258.21263,-34.14718,HMST 351.8+02.9,DCld 351.8+02.9,14,14,B
264.87199,-37.76196,HMST 351.8-03.6,DCld 351.8-03.6,6,2,B
258.91975,-34.50049,HMST 351.9+02.3,DCld 351.9+02.3,22,3,A
259.4254,-34.66308,HMST 352.0+01.8,DCld 352.0+01.8,28,12,A
258.33513,-33.77159,HMST 352.2+03.1,DCld 352.2+03.1,22,12,B
266.34079,-37.97319,HMST 352.2-04.7,DCld 352.2-04.7,50,22,B
260.75202,-34.77508,HMST 352.5+00.9,DCld 352.5+00.9,12,8,A
260.44623,-34.57154,HMST 352.5+01.2,DCld 352.5+01.2,22,7,A
258.33205,-33.3216,HMST 352.5+03.3,DCld 352.5+03.3,22,5,B
259.61699,-34.03883,HMST 352.6+02.1,DCld 352.6+02.1,40,3,B
259.46516,-33.78788,HMST 352.7+02.3,DCld 352.7+02.3,35,6,B
256.86055,-32.13188,HMST 352.8+05.0,DCld 352.8+05.0,16,6,A
260.63185,-34.28898,HMST 352.8+01.2,DCld 352.8+01.2,14,3,A
257.0101,-32.04784,HMST 352.9+05.0,DCld 352.9+05.0,2.5,2,A
258.6512,-33.04174,HMST 352.9+03.3,DCld 352.9+03.3,28,16,B
257.18983,-32.11366,HMST 352.9+04.8,DCld 352.9+04.8,6,3,A
260.58428,-34.0442,HMST 353.0+01.4,DCld 353.0+01.4,14,4,A
266.33352,-37.02987,HMST 353.0-04.2,DCld 353.0-04.2,8,7,B
259.8047,-33.44792,HMST 353.1+02.3,DCld 353.1+02.3,4,2,A
259.73258,-33.2666,HMST 353.3+02.4,DCld 353.3+02.4,2.5,2.5,A
260.23463,-33.52253,HMST 353.3+01.9,DCld 353.3+01.9,4,2,A
258.59784,-32.54699,HMST 353.3+03.6,DCld 353.3+03.6,22,5,B
261.79531,-34.33507,HMST 353.3+00.4,DCld 353.3+00.4,5,1,B
258.8763,-32.41566,HMST 353.5+03.5,DCld 353.5+03.5,3,1.5,A
265.16588,-35.83384,HMST 353.6-02.7,DCld 353.6-02.7,20,5,B
258.79546,-32.17104,HMST 353.7+03.7,DCld 353.7+03.7,20,4,A
268.68551,-37.2268,HMST 353.8-05.9,DCld 353.8-05.9,3,1,B
266.4719,-36.03085,HMST 354.0-03.7,DCld 354.0-03.7,16,14,B
266.07862,-35.82775,HMST 354.0-03.4,DCld 354.0-03.4,5,2,B
259.19501,-32.06581,HMST 354.0+03.5,DCld 354.0+03.5,3,2,A
259.80086,-32.26459,HMST 354.1+02.9,DCld 354.1+02.9,16,14,A
259.61617,-32.07713,HMST 354.2+03.2,DCld 354.2+03.2,14,5,A
269.83519,-37.17121,HMST 354.3-06.6,DCld 354.3-06.6,12,4,C
264.74028,-34.62088,HMST 354.4-01.8,DCld 354.4-01.8,26,7,A
265.64713,-34.95483,HMST 354.5-02.6,DCld 354.5-02.6,7,4,B
265.89622,-34.81695,HMST 354.8-02.7,DCld 354.8-02.7,45,16,B
269.04541,-36.3267,HMST 354.8-05.7,DCld 354.8-05.7,40,22,C
263.79485,-33.54376,HMST 354.9-00.6,DCld 354.9-00.6,4,3,A
268.33171,-35.61515,HMST 355.1-04.8,DCld 355.1-04.8,40,4,C
263.86026,-33.36011,HMST 355.1-00.5,DCld 355.1-00.5,5,3,A
264.12325,-33.4155,HMST 355.2-00.7,DCld 355.2-00.7,8,5,A
268.60749,-35.14714,HMST 355.6-04.8,DCld 355.6-04.8,28,22,B
265.90919,-33.70854,HMST 355.7-02.1,DCld 355.7-02.1,45,7,B
266.74315,-33.76783,HMST 356.0-02.8,DCld 356.0-02.8,55,8,A
265.60911,-33.10831,HMST 356.1-01.6,DCld 356.1-01.6,45,8,B
268.19218,-34.18247,HMST 356.3-04.0,DCld 356.3-04.0,12,12,C
267.68107,-33.80161,HMST 356.4-03.4,DCld 356.4-03.4,40,8,A
268.80115,-34.26118,HMST 356.5-04.5,DCld 356.5-04.5,4,1,A
268.77577,-34.20797,HMST 356.5-04.4,DCld 356.5-04.4,22,2,C
267.27408,-33.40858,HMST 356.6-02.9,DCld 356.6-02.9,12,7,B
267.08069,-33.16618,HMST 356.7-02.7,DCld 356.7-02.7,7,4,B
267.48015,-33.07591,HMST 356.9-02.9,DCld 356.9-02.9,5,5,B
270.24765,-34.34082,HMST 357.0-05.6,DCld 357.0-05.6,3,1,B
270.73336,-34.08845,HMST 357.4-05.8,DCld 357.4-05.8,14,4,C
269.81962,-33.32121,HMST 357.7-04.7,DCld 357.7-04.7,16,8,B
268.77718,-32.61793,HMST 357.9-03.6,DCld 357.9-03.6,5,3,A
270.03045,-33.08019,HMST 358.0-04.8,DCld 358.0-04.8,8,5,A
270.27292,-33.19401,HMST 358.0-05.0,DCld 358.0-05.0,90,65,B
270.46464,-33.20141,HMST 358.1-05.2,DCld 358.1-05.2,16,4,A
270.32137,-32.97044,HMST 358.2-04.9,DCld 358.2-04.9,5,1.5,A
270.29123,-32.82891,HMST 358.3-04.8,DCld 358.3-04.8,5,3,A
270.81337,-33.01805,HMST 358.4-05.3,DCld 358.4-05.3,3,1.5,A
270.47264,-32.54803,HMST 358.6-04.8,DCld 358.6-04.8,14,7,B
271.081,-32.5534,HMST 358.9-05.3,DCld 358.9-05.3,28,12,B
271.74001,-32.6552,HMST 359.1-05.8,DCld 359.1-05.8,28,16,C
287.34553,-38.06729,HMST 359.4-19.6,DCld 359.4-19.6,28,7,C
288.00449,-38.24923,HMST 359.4-20.2,DCld 359.4-20.2,20,5,B
288.34543,-38.20432,HMST 359.5-20.4,DCld 359.5-20.4,22,7,B
272.56344,-32.43453,HMST 359.6-06.3,DCld 359.6-06.3,2,2,B
285.49568,-37.27759,HMST 359.6-18.0,DCld 359.6-18.0,9,6,A
285.98368,-37.40864,HMST 359.6-18.4,DCld 359.6-18.4,12,6,A
288.22335,-38.01988,HMST 359.7-20.3,DCld 359.7-20.3,12,4,C
285.77873,-37.27626,HMST 359.7-18.2,DCld 359.7-18.2,12,3,A
285.09793,-36.96945,HMST 359.8-17.6,DCld 359.8-17.6,35,12,A
285.5482,-37.06234,HMST 359.8-17.9,DCld 359.8-17.9,110,28,A
285.46435,-36.98107,HMST 359.9-17.9,DCld 359.9-17.9,4,4,A
272.99959,-32.24408,HMST 359.9-06.6,DCld 359.9-06.6,28,2,C
