id,alpha,delta,diameter,minorAxis,Density,DCld
HMST 000.0-18.9,286.71079,-37.22857,16,5,A,DCld 000.0-18.9
HMST 000.3-18.8,286.68399,-36.98036,14,12,B,DCld 000.3-18.8
HMST 000.4-19.5,287.56746,-37.12458,16,7,A,DCld 000.4-19.5
HMST 000.8-22.9,291.78005,-37.83859,16,12,C,DCld 000.8-22.9
HMST 000.9-20.2,288.59778,-36.8648,16,5,A,DCld 000.9-20.2
HMST 001.2-23.1,292.24834,-37.5748,5,4,C,DCld 001.2-23.1
HMST 001.3-20.5,289.10367,-36.60579,14,4,A,DCld 001.3-20.5
HMST 001.4-21.6,290.43349,-36.91803,40,35,C,DCld 001.4-21.6
HMST 001.5-24.0,293.35884,-37.5148,4,3,C,DCld 001.5-24.0
HMST 001.7-23.8,293.23258,-37.31203,3,3,C,DCld 001.7-23.8
HMST 004.9-24.6,295.16267,-34.7934,16,3,A,DCld 004.9-24.6
HMST 008.4-47.1,323.10063,-35.85677,6,2,B,DCld 008.4-47.1
HMST 009.0-46.5,322.35899,-35.40897,8,5,C,DCld 009.0-46.5
HMST 010.4-46.6,322.57916,-34.45831,12,2,B,DCld 010.4-46.6
HMST 010.5-47.1,323.17746,-34.43154,3,2,B,DCld 010.5-47.1
HMST 247.0-05.7,114.26077,-32.73501,22,2,B,DCld 247.0-05.7
HMST 247.5-12.3,107.42115,-36.20565,65,55,B,DCld 247.5-12.3
HMST 247.6-03.5,116.87161,-32.21646,7,5,B,DCld 247.6-03.5
HMST 247.8-03.2,117.29726,-32.20664,6,1,B,DCld 247.8-03.2
HMST 249.0-03.2,117.97515,-33.26291,16,12,B,DCld 249.0-03.2
HMST 249.4-05.1,116.29339,-34.60398,4,2,A,DCld 249.4-05.1
HMST 249.7-02.1,119.51893,-33.3045,6,6,A,DCld 249.7-02.1
HMST 250.8-08.1,113.84276,-37.25655,9,2,B,DCld 250.8-08.1
HMST 251.1-01.0,121.54783,-33.89801,12,6,A,DCld 251.1-01.0
HMST 251.5+02.0,124.85261,-32.63313,3,2,C,DCld 251.5+02.0
HMST 251.7+00.2,123.10552,-33.76109,4,2,A,DCld 251.7+00.2
HMST 251.7-12.2,109.69682,-39.85287,4,3,B,DCld 251.7-12.2
HMST 251.8+00.0,123.08778,-33.93768,3,1,A,DCld 251.8+00.0
HMST 251.9+00.0,123.09565,-34.01772,5,1.2,A,DCld 251.9+00.0
HMST 252.1-03.6,119.53493,-36.07794,12,7,B,DCld 252.1-03.6
HMST 252.1-01.3,121.95906,-34.91306,22,12,B,DCld 252.1-01.3
HMST 252.2+00.7,123.99829,-33.84638,7,1.2,A,DCld 252.2+00.7
HMST 252.3+00.5,123.86752,-34.07918,6,0.6,A,DCld 252.3+00.5
HMST 252.3-03.2,120.11521,-36.06372,14,9,A,DCld 252.3-03.2
HMST 252.5+00.1,123.58943,-34.51473,10,1.5,A,DCld 252.5+00.1
HMST 252.9-01.6,122.15855,-35.72723,6,6,B,DCld 252.9-01.6
HMST 253.0-01.7,122.17837,-35.89565,35,12,B,DCld 253.0-01.7
HMST 253.1-02.1,121.71733,-36.18708,12,4,B,DCld 253.1-02.1
HMST 253.1-01.7,122.23622,-35.98922,7,3,A,DCld 253.1-01.7
HMST 253.2-04.2,119.62212,-37.41499,12,2,B,DCld 253.2-04.2
HMST 253.3-01.6,122.38176,-36.07982,2,3,A,DCld 253.3-01.6
HMST 253.4-04.0,119.88499,-37.43277,14,3,B,DCld 253.4-04.0
HMST 253.6-01.3,122.87389,-36.15517,22,12,B,DCld 253.6-01.3
HMST 253.6+02.9,127.19228,-33.76402,65,6,A,DCld 253.6+02.9
HMST 253.8-10.9,112.3863,-41.1751,6,1,A,DCld 253.8-10.9
HMST 253.9-00.6,123.80977,-36.03731,28,5,B,DCld 253.9-00.6
HMST 254.1-03.6,120.87578,-37.8436,6,4,B,DCld 254.1-03.6
HMST 254.5-09.6,114.33499,-41.2288,8,6,B,DCld 254.5-09.6
HMST 254.7-01.1,123.87487,-36.97592,5,4,B,DCld 254.7-01.1
HMST 255.1-09.2,115.19731,-41.44928,2,1,A,DCld 255.1-09.2
HMST 255.1-08.8,115.66626,-41.26634,2,1,B,DCld 255.1-08.8
HMST 255.3-14.4,109.00345,-43.96144,26,4,B,DCld 255.3-14.4
HMST 255.3-04.9,120.25438,-39.56769,14,7,B,DCld 255.3-04.9
HMST 255.4-03.9,121.35955,-39.14897,6,2,A,DCld 255.4-03.9
HMST 255.5-04.8,120.46661,-39.66692,8,2,B,DCld 255.5-04.8
HMST 255.6-02.9,122.53989,-38.72384,5,3,A,DCld 255.6-02.9
HMST 255.8-09.2,115.62642,-42.08618,4,1,A,DCld 255.8-09.2
HMST 255.9-09.1,115.77222,-42.12515,2,1,A,DCld 255.9-09.1
HMST 255.9-02.6,123.09448,-38.83444,2,2,A,DCld 255.9-02.6
HMST 255.9-02.6,123.16965,-38.83308,65,22,B,DCld 255.9-02.6
HMST 256.1-02.1,123.78029,-38.68389,6,1,A,DCld 256.1-02.1
HMST 256.1-09.3,115.70299,-42.42986,2,1.5,A,DCld 256.1-09.3
HMST 256.1-09.2,115.79926,-42.39861,12,12,B,DCld 256.1-09.2
HMST 256.1-09.1,115.89553,-42.36736,2,1.5,A,DCld 256.1-09.1
HMST 256.2-14.1,109.86589,-44.58707,28,7,B,DCld 256.2-14.1
HMST 256.4-10.0,115.01381,-42.98684,22,12,B,DCld 256.4-10.0
HMST 256.9-10.4,114.88351,-43.59461,5,4,B,DCld 256.9-10.4
HMST 256.9-05.4,120.8107,-41.16505,16,8,B,DCld 256.9-05.4
HMST 256.9+02.6,129.32623,-36.63222,6,2,A,DCld 256.9+02.6
HMST 257.2-10.3,115.2156,-43.81941,4,1,A,DCld 257.2-10.3
HMST 257.3-02.5,124.29421,-39.88265,7,2,A,DCld 257.3-02.5
HMST 258.1-01.9,125.44892,-40.19726,8,8,A,DCld 258.1-01.9
HMST 258.6+00.3,128.17732,-39.41789,3,3,A,DCld 258.6+00.3
HMST 258.6-03.4,124.20318,-41.54897,22,16,C,DCld 258.6-03.4
HMST 258.7-02.8,124.89474,-41.21341,45,12,C,DCld 258.7-02.8
HMST 258.9-04.1,123.64794,-42.08674,4,2,A,DCld 258.9-04.1
HMST 259.0-13.2,112.63857,-46.72801,8,2,B,DCld 259.0-13.2
HMST 259.0+00.8,129.05899,-39.36791,120,65,B,DCld 259.0+00.8
HMST 259.0+03.6,131.81756,-37.71312,12,4,B,DCld 259.0+03.6
HMST 259.1-04.0,123.96439,-42.22135,12,2,A,DCld 259.1-04.0
HMST 259.1-04.0,123.96439,-42.22135,45,22,B,DCld 259.1-04.0
HMST 259.1-03.8,124.15719,-42.13213,3,2,A,DCld 259.1-03.8
HMST 259.2+00.3,128.63381,-39.88297,8,3,B,DCld 259.2+00.3
HMST 259.2-13.2,112.74075,-46.95681,14,2,A,DCld 259.2-13.2
HMST 259.3+00.9,129.29576,-39.57881,14,5,B,DCld 259.3+00.9
HMST 259.4-12.7,113.5387,-46.90538,22,7,B,DCld 259.4-12.7
HMST 259.5-16.4,108.55084,-48.48612,40,12,A,DCld 259.5-16.4
HMST 259.9-04.4,124.0703,-43.1418,3,2,B,DCld 259.9-04.4
HMST 259.9-00.0,128.88367,-40.64226,12,7,A,DCld 259.9-00.0
HMST 260.0-03.8,124.81559,-42.91312,5,2,A,DCld 260.0-03.8
HMST 260.1+01.6,130.68989,-39.75901,12,12,B,DCld 260.1+01.6
HMST 260.2+00.7,129.87945,-40.41267,22,12,A,DCld 260.2+00.7
HMST 260.4+00.4,129.66019,-40.72352,22,22,A,DCld 260.4+00.4
HMST 260.4-08.0,120.19202,-45.45086,6,3,B,DCld 260.4-08.0
HMST 260.4+02.2,131.5595,-39.65387,16,12,C,DCld 260.4+02.2
HMST 260.5-05.2,123.64519,-44.09843,3,1.5,A,DCld 260.5-05.2
HMST 260.6+00.8,130.28315,-40.65251,16,12,A,DCld 260.6+00.8
HMST 260.6-03.7,125.4477,-43.29897,22,12,A,DCld 260.6-03.7
HMST 260.6-12.7,114.34289,-47.94231,8,1.5,C,DCld 260.6-12.7
HMST 260.7-12.4,114.7861,-47.88593,7,2,B,DCld 260.7-12.4
HMST 260.8+00.2,129.82035,-41.1458,28,22,B,DCld 260.8+00.2
HMST 261.3+00.2,130.25609,-41.59409,14,6,B,DCld 261.3+00.2
HMST 261.5+00.9,131.17715,-41.31582,50,45,B,DCld 261.5+00.9
HMST 261.6+03.0,133.37446,-40.06206,12,12,C,DCld 261.6+03.0
HMST 261.7-04.4,125.50062,-44.5742,22,5,B,DCld 261.7-04.4
HMST 261.7-12.5,115.3746,-48.76021,16,12,B,DCld 261.7-12.5
HMST 262.2+00.4,131.13399,-42.15901,28,16,C,DCld 262.2+00.4
HMST 262.2-12.3,115.85957,-49.12568,35,35,B,DCld 262.2-12.3
HMST 262.2+01.4,132.26219,-41.5281,16,12,B,DCld 262.2+01.4
HMST 262.4+02.2,133.26714,-41.20503,6,2,B,DCld 262.4+02.2
HMST 262.5-13.4,114.66586,-49.84544,12,2,A,DCld 262.5-13.4
HMST 262.5-00.4,130.57333,-42.87862,22,14,B,DCld 262.5-00.4
HMST 262.5+02.1,133.22855,-41.36156,6,4,B,DCld 262.5+02.1
HMST 262.9-15.5,111.90425,-51.07481,16,2,A,DCld 262.9-15.5
HMST 262.9-14.7,113.08968,-50.76013,14,2,A,DCld 262.9-14.7
HMST 262.9+02.0,133.4477,-41.73067,12,5,B,DCld 262.9+02.0
HMST 263.0+01.8,133.31306,-41.87353,2,1,A,DCld 263.0+01.8
HMST 263.0+01.2,132.70871,-42.26972,35,3,A,DCld 263.0+01.2
HMST 263.0-12.0,116.85218,-49.68335,16,12,B,DCld 263.0-12.0
HMST 263.1+01.8,133.35433,-41.95534,4,2,A,DCld 263.1+01.8
HMST 263.1+01.9,133.50054,-41.96419,6,4,A,DCld 263.1+01.9
HMST 263.2+01.6,133.28162,-42.21342,100,16,B,DCld 263.2+01.6
HMST 263.4+02.0,133.96785,-42.08417,26,5,B,DCld 263.4+02.0
HMST 263.5+01.5,133.45566,-42.44404,6,1,B,DCld 263.5+01.5
HMST 263.7-00.0,130.99842,-44.23854,22,12,B,DCld 263.7-00.0
HMST 263.9-03.5,128.30696,-45.88014,50,16,B,DCld 263.9-03.5
HMST 264.0-11.6,118.22428,-50.31428,22,16,A,DCld 264.0-11.6
HMST 264.3+02.9,135.54719,-42.16797,12,5,C,DCld 264.3+02.9
HMST 264.3+01.5,134.12843,-43.10642,90,65,A,DCld 264.3+01.5
HMST 264.4+05.7,138.45849,-40.36096,3,1,A,DCld 264.4+05.7
HMST 264.5+05.7,138.45849,-40.36096,16,5,B,DCld 264.5+05.7
HMST 264.5+05.6,138.35326,-40.49229,5,1,A,DCld 264.5+05.6
HMST 264.5-11.3,118.91874,-50.63058,16,5,B,DCld 264.5-11.3
HMST 264.5+05.0,137.87429,-40.93407,9,2,A,DCld 264.5+05.0
HMST 265.2-00.6,132.62649,-45.11779,12,5,B,DCld 265.2-00.6
HMST 265.3-00.0,133.42721,-44.80064,4,2,A,DCld 265.3-00.0
HMST 265.3+05.3,138.88414,-41.22568,3,1.5,A,DCld 265.3+05.3
HMST 265.3+00.6,134.1234,-44.47808,12,8,A,DCld 265.3+00.6
HMST 265.4+00.2,133.76598,-44.7785,8,8,A,DCld 265.4+00.2
HMST 265.4+05.4,139.03829,-41.31617,4,1,A,DCld 265.4+05.4
HMST 265.5-00.0,121.55427,-50.77499,12,12,B,DCld 265.5-00.0
HMST 265.7-07.7,124.66621,-49.73097,3,3,A,DCld 265.7-07.7
HMST 265.8-07.3,125.36141,-49.59874,7,3,A,DCld 265.8-07.3
HMST 265.8-07.4,125.28956,-49.68179,85,22,B,DCld 265.8-07.4
HMST 266.0-07.5,125.25459,-49.84165,8,4,A,DCld 266.0-07.5
HMST 266.0-04.3,138.52978,-42.50121,12,1.5,A,DCld 266.0-04.3
HMST 266.0-04.3,129.22558,-48.05866,3,3,A,DCld 266.0-04.3
HMST 266.1+01.1,135.40527,-44.71418,40,16,A,DCld 266.1+01.1
HMST 266.1-07.7,125.1393,-50.09287,3,2,A,DCld 266.1-07.7
HMST 266.3-00.7,133.68597,-46.0299,12,8,A,DCld 266.3-00.7
HMST 266.4-00.1,134.4367,-45.71086,220,90,B,DCld 266.4-00.1
HMST 266.6+05.0,139.7968,-42.45359,35,22,B,DCld 266.6+05.0
HMST 266.9+00.6,135.4993,-45.63285,12,3,B,DCld 266.9+00.6
HMST 267.1-00.7,134.39204,-46.67905,5,3,A,DCld 267.1-00.7
HMST 267.2-07.2,126.6431,-50.66547,2,2,A,DCld 267.2-07.2
HMST 267.2-00.0,134.15652,-46.8599,4,2,A,DCld 267.2-00.0
HMST 267.4-00.9,134.36477,-46.97229,5,3,A,DCld 267.4-00.9
HMST 267.4-07.5,126.43459,-51.03466,3,4,A,DCld 267.4-07.5
HMST 267.4-01.2,134.04086,-47.22616,40,12,B,DCld 267.4-01.2
HMST 267.5-07.4,126.66465,-51.02723,2,2,A,DCld 267.5-07.4
HMST 267.6-06.4,128.00326,-50.54739,2,2,A,DCld 267.6-06.4
HMST 267.6-06.0,128.53662,-50.30609,12,2,A,DCld 267.6-06.0
HMST 267.6+04.3,140.00319,-43.61758,50,22,B,DCld 267.6+04.3
HMST 267.6-07.4,126.75978,-51.1326,28,22,B,DCld 267.6-07.4
HMST 267.7-07.4,126.8806,-51.17807,4,5,A,DCld 267.7-07.4
HMST 267.9+00.6,136.50604,-46.3796,28,35,A,DCld 267.9+00.6
HMST 267.9+03.6,139.69786,-44.31996,4,2,A,DCld 267.9+03.6
HMST 267.9-07.8,126.54964,-51.65512,3,1.5,A,DCld 267.9-07.8
HMST 268.0+01.8,137.94967,-45.64937,45,16,B,DCld 268.0+01.8
HMST 268.1-09.5,124.30112,-52.7229,2,2,A,DCld 268.1-09.5
HMST 268.2-09.7,124.14853,-52.90896,2,2,A,DCld 268.2-09.7
HMST 268.2-08.9,125.33707,-52.44037,4,2,A,DCld 268.2-08.9
HMST 268.2-09.5,124.4757,-52.81861,16,3,B,DCld 268.2-09.5
HMST 268.2-02.7,133.22991,-48.76999,12,12,B,DCld 268.2-02.7
HMST 268.3-03.2,132.64575,-49.10792,35,12,B,DCld 268.3-03.2
HMST 268.3-01.9,134.18326,-48.28001,28,28,C,DCld 268.3-01.9
HMST 268.4-01.2,135.09796,-47.90484,6,6,A,DCld 268.4-01.2
HMST 268.9+00.3,137.23543,-47.32204,55,22,B,DCld 268.9+00.3
HMST 268.9-01.2,135.58382,-48.36317,12,5,B,DCld 268.9-01.2
HMST 269.1-01.3,135.68253,-48.58018,8,5,C,DCld 269.1-01.3
HMST 269.3+02.2,139.66011,-46.3032,12,3,B,DCld 269.3+02.2
HMST 269.4+03.0,140.5793,-45.8144,14,4,A,DCld 269.4+03.0
HMST 269.5-07.6,128.26562,-52.76344,45,16,C,DCld 269.5-07.6
HMST 269.5-04.0,141.57871,-45.18412,8,4,A,DCld 269.5-04.0
HMST 269.7-03.9,133.15941,-50.66811,2.5,0.5,A,DCld 269.7-03.9
HMST 269.9-11.1,123.68456,-55.03714,28,5,B,DCld 269.9-11.1
HMST 269.9+01.8,139.78943,-46.98195,7,3,A,DCld 269.9+01.8
HMST 270.1+04.2,142.38028,-45.4332,22,4,B,DCld 270.1+04.2
HMST 270.2-01.0,137.12529,-49.1867,22,22,B,DCld 270.2-01.0
HMST 270.3+02.9,141.36107,-46.54014,80,45,B,DCld 270.3+02.9
HMST 270.6-04.7,133.14856,-51.86476,3,1,A,DCld 270.6-04.7
HMST 270.7+00.5,139.30632,-48.46544,130,130,B,DCld 270.7+00.5
HMST 270.8-08.5,128.36504,-54.40052,80,28,B,DCld 270.8-08.5
HMST 270.9-01.6,137.23951,-50.08876,7,3,B,DCld 270.9-01.6
HMST 271.4+04.8,144.4319,-45.82916,75,22,A,DCld 271.4+04.8
HMST 271.6+01.7,141.52963,-48.25067,3,2,A,DCld 271.6+01.7
HMST 271.6+01.6,141.43659,-48.39372,4,2,A,DCld 271.6+01.6
HMST 271.7+01.8,141.80978,-48.27985,3,2,A,DCld 271.7+01.8
HMST 271.8-01.3,138.43718,-50.50601,4,3,B,DCld 271.8-01.3
HMST 271.9+01.7,141.85475,-48.43665,45,22,B,DCld 271.9+01.7
HMST 272.0+01.7,141.89164,-48.54843,8,2,A,DCld 272.0+01.7
HMST 272.0-00.2,139.9861,-49.90926,8,5,A,DCld 272.0-00.2
HMST 272.1+01.8,142.08828,-48.55402,3,2,A,DCld 272.1+01.8
HMST 272.1-03.4,136.36403,-52.16254,5,2,B,DCld 272.1-03.4
HMST 272.1-15.6,118.44285,-59.20713,12,12,C,DCld 272.1-15.6
HMST 272.2+01.9,142.28086,-48.54293,8,2,A,DCld 272.2+01.9
HMST 272.5+02.0,142.76146,-48.63936,4,2,A,DCld 272.5+02.0
HMST 272.5-03.9,136.1236,-52.82674,22,12,B,DCld 272.5-03.9
HMST 273.0+03.7,145.08181,-47.69601,35,16,C,DCld 273.0+03.7
HMST 273.2+02.4,144.01531,-48.89301,6,4,A,DCld 273.2+02.4
HMST 273.3+02.5,144.18291,-48.86515,4,3,A,DCld 273.3+02.5
HMST 273.3+03.1,144.78845,-48.42686,6,4,B,DCld 273.3+03.1
HMST 273.4-02.1,139.25993,-52.25534,4,3,B,DCld 273.4-02.1
HMST 273.4+02.8,144.61914,-48.72139,20,2,A,DCld 273.4+02.8
HMST 273.6+03.0,145.08794,-48.71771,3,3,B,DCld 273.6+03.0
HMST 273.7-00.2,141.7394,-51.07634,22,5,B,DCld 273.7-00.2
HMST 273.8+03.2,145.41885,-48.67862,7,1,A,DCld 273.8+03.2
HMST 273.8+03.0,145.27149,-48.81322,3,3,B,DCld 273.8+03.0
HMST 273.8+02.7,144.95603,-49.05067,16,5,B,DCld 273.8+02.7
HMST 273.9-01.6,140.45777,-52.1991,3,2,B,DCld 273.9-01.6
HMST 274.0+00.1,142.48899,-51.04691,22,12,B,DCld 274.0+00.1
HMST 274.1+03.9,146.46758,-48.30315,1.5,1,A,DCld 274.1+03.9
HMST 274.1+02.7,145.2982,-49.21496,8,3,A,DCld 274.1+02.7
HMST 274.2-00.4,142.19581,-51.61105,5,3,A,DCld 274.2-00.4
HMST 274.3+03.4,146.25488,-48.85592,4,2,A,DCld 274.3+03.4
HMST 274.4-15.8,120.06131,-61.20072,12,2,C,DCld 274.4-15.8
HMST 274.7+03.7,146.98752,-48.83955,12,3,B,DCld 274.7+03.7
HMST 274.7-01.5,141.47509,-52.72389,12,12,C,DCld 274.7-01.5
HMST 274.7+00.0,143.27164,-51.64089,45,28,B,DCld 274.7+00.0
HMST 274.9+00.0,144.51523,-51.06779,5,4,B,DCld 274.9+00.0
HMST 275.3-00.4,143.41722,-52.31465,16,8,C,DCld 275.3-00.4
HMST 275.3+00.8,144.72163,-51.47837,4,2,A,DCld 275.3+00.8
HMST 275.3+02.1,146.11015,-50.51387,5,4,B,DCld 275.3+02.1
HMST 275.4+00.0,143.98438,-52.07629,8,2,B,DCld 275.4+00.0
HMST 275.5+02.1,146.36051,-50.64289,4,2,A,DCld 275.5+02.1
HMST 275.7+02.0,146.52286,-50.78499,12,7,B,DCld 275.7+02.0
HMST 275.7+00.3,144.74644,-52.09178,12,6,B,DCld 275.7+00.3
HMST 275.7+04.5,149.02604,-48.87316,12,5,B,DCld 275.7+04.5
HMST 275.9+01.9,146.63825,-51.0603,12,6,A,DCld 275.9+01.9
HMST 276.2-10.6,131.05807,-59.90072,4,3,A,DCld 276.2-10.6
HMST 276.3-00.6,144.57486,-53.16798,22,12,C,DCld 276.3-00.6
HMST 276.4+00.0,146.33798,-52.08117,28,16,C,DCld 276.4+00.0
HMST 276.5+01.9,147.36888,-51.38892,6,2,B,DCld 276.5+01.9
HMST 276.6-14.5,124.87909,-62.42383,7,5,C,DCld 276.6-14.5
HMST 276.8-10.4,132.07203,-60.18942,4,3,C,DCld 276.8-10.4
HMST 276.9+01.7,147.68899,-51.73976,16,3,B,DCld 276.9+01.7
HMST 277.0-02.4,143.30771,-54.91937,22,12,C,DCld 277.0-02.4
HMST 277.7-02.5,144.11159,-55.46336,5,3,B,DCld 277.7-02.5
HMST 278.1+00.9,148.34537,-53.1298,55,35,C,DCld 278.1+00.9
HMST 278.2-02.1,145.15887,-55.50631,28,5,C,DCld 278.2-02.1
HMST 278.5-04.9,142.14424,-57.80098,4,3,C,DCld 278.5-04.9
HMST 278.6+02.9,151.00151,-51.85967,35,12,C,DCld 278.6+02.9
HMST 278.6-00.9,147.10394,-54.94159,35,5,B,DCld 278.6-00.9
HMST 279.0-16.1,124.46584,-65.2023,16,12,C,DCld 279.0-16.1
HMST 279.1-00.6,148.01727,-54.98064,12,12,B,DCld 279.1-00.6
HMST 279.2-02.4,146.17347,-56.42911,16,3,B,DCld 279.2-02.4
HMST 279.5+01.1,150.4392,-53.90501,16,8,C,DCld 279.5+01.1
HMST 279.9-07.0,141.25146,-60.33667,3,3,C,DCld 279.9-07.0
HMST 280.0-07.7,140.39369,-60.83071,16,3,C,DCld 280.0-07.7
HMST 280.0-00.0,149.96964,-55.09055,5,5,C,DCld 280.0-00.0
HMST 280.4+01.9,152.48962,-53.74812,55,16,C,DCld 280.4+01.9
HMST 280.5-02.1,148.38617,-57.02161,22,6,C,DCld 280.5-02.1
HMST 281.7-04.4,147.38571,-59.49405,12,8,C,DCld 281.7-04.4
HMST 282.4+00.5,153.94176,-56.028,270,110,C,DCld 282.4+00.5
HMST 282.7-02.5,151.19475,-58.67185,3,2,B,DCld 282.7-02.5
HMST 282.8-03.2,150.55604,-59.24535,22,7,C,DCld 282.8-03.2
HMST 283.8-03.4,151.8749,-60.04678,3,2,B,DCld 283.8-03.4
HMST 284.1-03.1,152.78188,-60.01717,3,2,B,DCld 284.1-03.1
HMST 284.4-20.4,120.44692,-71.80296,8,6,C,DCld 284.4-20.4
HMST 284.4-02.5,153.96849,-59.68976,35,22,B,DCld 284.4-02.5
HMST 284.5-00.8,155.82181,-58.31026,40,5,C,DCld 284.5-00.8
HMST 284.7-03.1,153.80776,-60.31776,6,2,B,DCld 284.7-03.1
HMST 284.8-01.6,155.58099,-59.08811,28,16,C,DCld 284.8-01.6
HMST 284.9-20.8,120.14743,-72.40343,55,7,C,DCld 284.9-20.8
HMST 285.0+00.9,158.35596,-57.0984,22,7,C,DCld 285.0+00.9
HMST 285.3+00.3,158.29754,-57.71997,16,12,B,DCld 285.3+00.3
HMST 285.3-01.6,156.36344,-59.41967,3,2,A,DCld 285.3-01.6
HMST 285.3-00.4,157.65552,-58.35046,28,3,B,DCld 285.3-00.4
HMST 285.4+01.1,159.10277,-57.10473,5,3,B,DCld 285.4+01.1
HMST 285.6+05.4,162.97989,-53.36423,8,4,B,DCld 285.6+05.4
HMST 285.7-00.6,157.97204,-58.71438,28,16,B,DCld 285.7-00.6
HMST 285.7+04.2,162.15303,-54.53968,6,3,B,DCld 285.7+04.2
HMST 285.8-01.6,157.27722,-59.61143,16,12,C,DCld 285.8-01.6
HMST 285.9+04.5,162.84594,-54.31904,22,12,B,DCld 285.9+04.5
HMST 286.0+01.0,160.06589,-57.44638,16,4,C,DCld 286.0+01.0
HMST 286.0+05.1,163.43082,-53.83654,12,4,B,DCld 286.0+05.1
HMST 286.2+05.5,163.98131,-53.53063,7,4,B,DCld 286.2+05.5
HMST 286.2+00.4,159.81841,-58.13263,35,8,B,DCld 286.2+00.4
HMST 286.2-00.7,158.78381,-59.10085,12,8,B,DCld 286.2-00.7
HMST 286.2-01.3,158.23859,-59.62488,4,4,B,DCld 286.2-01.3
HMST 286.3+03.3,162.41259,-55.56507,16,5,B,DCld 286.3+03.3
HMST 286.4-00.4,159.34746,-58.9335,16,7,B,DCld 286.4-00.4
HMST 286.5-03.1,156.8362,-61.2306,12,12,B,DCld 286.5-03.1
HMST 286.5+00.4,160.25413,-58.2667,14,7,B,DCld 286.5+00.4
HMST 286.5+00.7,160.58721,-58.01224,22,5,B,DCld 286.5+00.7
HMST 286.8-03.0,157.48182,-61.38683,28,2,B,DCld 286.8-03.0
HMST 286.9-03.7,156.87601,-61.98402,12,2,B,DCld 286.9-03.7
HMST 287.0+02.9,163.21075,-56.24124,16,8,B,DCld 287.0+02.9
HMST 287.1-02.7,158.22221,-61.25819,16,5,B,DCld 287.1-02.7
HMST 287.1-01.5,159.55314,-60.19553,3,2,A,DCld 287.1-01.5
HMST 287.1+00.5,161.48714,-58.45368,16,3,B,DCld 287.1+00.5
HMST 287.1+02.4,163.095,-56.76607,6,5,B,DCld 287.1+02.4
HMST 287.2+01.2,162.15775,-57.87304,12,8,C,DCld 287.2+01.2
HMST 287.2+00.1,161.33805,-58.82845,22,12,B,DCld 287.2+00.1
HMST 287.3-02.4,159.00039,-61.12625,5,2,B,DCld 287.3-02.4
HMST 287.3-03.3,158.11637,-61.883,3,4,B,DCld 287.3-03.3
HMST 287.4+00.6,162.08698,-58.53793,12,3,B,DCld 287.4+00.6
HMST 287.6+08.0,167.7684,-51.83185,16,8,B,DCld 287.6+08.0
HMST 287.7-01.2,160.84214,-60.251,5,3,A,DCld 287.7-01.2
HMST 287.7+04.1,165.40397,-55.47082,6,3,C,DCld 287.7+04.1
HMST 287.8+02.0,163.87641,-57.47383,12,4,B,DCld 287.8+02.0
HMST 287.9+02.3,164.33076,-57.24278,14,4,B,DCld 287.9+02.3
HMST 288.0+02.0,164.32122,-57.49277,16,5,B,DCld 288.0+02.0
HMST 288.1+00.9,163.42202,-58.53654,12,3,B,DCld 288.1+00.9
HMST 288.2-00.2,162.72386,-59.52555,14,5,B,DCld 288.2-00.2
HMST 288.3+01.2,163.99372,-58.39066,3,3,B,DCld 288.3+01.2
HMST 288.3+07.3,168.3317,-52.79743,12,5,B,DCld 288.3+07.3
HMST 288.3+01.1,163.92188,-58.48557,7,2,B,DCld 288.3+01.1
HMST 288.6-00.1,163.51659,-59.70501,16,4,A,DCld 288.6-00.1
HMST 288.7+00.3,164.00577,-59.32735,4,4,B,DCld 288.7+00.3
HMST 288.7+00.5,164.19144,-59.15093,12,3,B,DCld 288.7+00.5
HMST 288.8+01.0,164.76872,-58.74503,22,12,B,DCld 288.8+01.0
HMST 288.8+02.5,165.99219,-57.38821,14,3,C,DCld 288.8+02.5
HMST 288.9+01.6,165.43856,-58.25421,3,2,B,DCld 288.9+01.6
HMST 289.0-03.8,160.63205,-63.16235,6,3,B,DCld 289.0-03.8
HMST 289.0+01.3,165.34485,-58.55076,12,12,B,DCld 289.0+01.3
HMST 289.0-05.8,158.59416,-64.85389,22,5,A,DCld 289.0-05.8
HMST 289.1+01.6,165.84525,-58.3797,7,5,B,DCld 289.1+01.6
HMST 289.2+01.8,166.18197,-58.18344,5,1,A,DCld 289.2+01.8
HMST 289.3-02.8,162.24795,-62.38486,3,3,A,DCld 289.3-02.8
HMST 289.4+00.1,165.1626,-59.7822,16,7,B,DCld 289.4+00.1
HMST 289.8-03.2,162.85749,-62.99243,12,3,B,DCld 289.8-03.2
HMST 290.4+01.9,168.35103,-58.60247,28,12,B,DCld 290.4+01.9
HMST 290.5+01.7,168.28726,-58.81241,4,1,B,DCld 290.5+01.7
HMST 290.7+01.1,168.20519,-59.40732,22,16,B,DCld 290.7+01.1
HMST 290.9-02.1,166.15697,-62.48342,12,12,B,DCld 290.9-02.1
HMST 291.0-03.5,164.98037,-63.73865,22,3,A,DCld 291.0-03.5
HMST 291.0+02.1,169.56877,-58.60863,8,5,C,DCld 291.0+02.1
HMST 291.1-01.7,166.78124,-62.09748,6,3,A,DCld 291.1-01.7
HMST 291.1+01.7,169.36185,-58.94844,7,2,B,DCld 291.1+01.7
HMST 291.1-02.9,165.86661,-63.25642,12,12,C,DCld 291.1-02.9
HMST 291.2+01.1,169.06547,-59.61483,14,4,C,DCld 291.2+01.1
HMST 291.3-01.8,167.26359,-62.31634,16,3,A,DCld 291.3-01.8
HMST 291.4-00.9,168.04515,-61.50217,35,16,B,DCld 291.4-00.9
HMST 291.4-00.2,168.61937,-60.88441,4,2,A,DCld 291.4-00.2
HMST 291.4-04.2,165.28199,-64.5657,12,12,C,DCld 291.4-04.2
HMST 291.6+00.9,169.73242,-59.88211,6,4,C,DCld 291.6+00.9
HMST 291.6+00.0,169.12848,-60.72323,12,16,A,DCld 291.6+00.0
HMST 291.9-00.9,169.0658,-61.67484,22,12,B,DCld 291.9-00.9
HMST 292.0+02.1,171.20134,-58.94832,12,7,B,DCld 292.0+02.1
HMST 292.0-02.0,168.44299,-62.74757,12,16,C,DCld 292.0-02.0
HMST 292.1-00.9,169.53609,-61.79861,22,16,B,DCld 292.1-00.9
HMST 292.3-00.4,170.10523,-61.36744,16,16,B,DCld 292.3-00.4
HMST 292.3-03.7,167.66837,-64.48845,16,3,A,DCld 292.3-03.7
HMST 292.5+02.2,172.31848,-58.95912,16,5,C,DCld 292.5+02.2
HMST 292.7-03.3,168.75124,-64.22121,5,5,B,DCld 292.7-03.3
HMST 292.9+01.3,172.53015,-59.95593,3,3,B,DCld 292.9+01.3
HMST 293.0-04.4,168.39163,-65.3442,5,5,B,DCld 293.0-04.4
HMST 293.1+00.6,172.38947,-60.70751,1.5,1.5,A,DCld 293.1+00.6
HMST 293.1+00.3,172.27513,-61.0141,22,12,B,DCld 293.1+00.3
HMST 293.2-02.8,170.1706,-63.9225,12,5,B,DCld 293.2-02.8
HMST 293.2+00.4,172.4854,-60.9709,3,1,A,DCld 293.2+00.4
HMST 293.3-04.4,169.15281,-65.49493,7,5,C,DCld 293.3-04.4
HMST 293.3+00.1,172.54353,-61.22261,2,1,A,DCld 293.3+00.1
HMST 293.3-00.6,172.08734,-61.96064,7,3,B,DCld 293.3-00.6
HMST 293.3-00.9,171.96477,-62.16555,3,2.5,A,DCld 293.3-00.9
HMST 293.5-03.0,170.67016,-64.18625,7,7,B,DCld 293.5-03.0
HMST 293.5-00.8,172.3473,-62.19248,28,5,B,DCld 293.5-00.8
HMST 293.6-02.0,171.75907,-63.29874,3,3,B,DCld 293.6-02.0
HMST 294.0+06.3,177.03848,-55.49136,4,2,B,DCld 294.0+06.3
HMST 294.2+06.1,177.26492,-55.67308,5,3,C,DCld 294.2+06.1
HMST 294.2-19.0,146.51371,-78.58241,35,35,C,DCld 294.2-19.0
HMST 294.3-02.0,173.10458,-63.4913,8,6,B,DCld 294.3-02.0
HMST 294.3-00.8,173.88579,-62.36841,6,3,B,DCld 294.3-00.8
HMST 294.3+02.7,175.88002,-59.04265,3,2,A,DCld 294.3+02.7
HMST 294.3-00.1,174.38761,-61.74367,2,1,A,DCld 294.3-00.1
HMST 294.4-03.1,172.58763,-64.58764,22,22,C,DCld 294.4-03.1
HMST 294.4-00.9,174.1377,-62.53188,7,3,B,DCld 294.4-00.9
HMST 294.5-02.8,173.00918,-64.38791,4,4,A,DCld 294.5-02.8
HMST 294.5-01.6,173.85407,-63.24673,5,4,B,DCld 294.5-01.6
HMST 294.6-02.9,173.33711,-64.4931,28,4,B,DCld 294.6-02.9
HMST 294.7-02.1,174.04211,-63.7235,12,7,B,DCld 294.7-02.1
HMST 294.8-02.9,173.68619,-64.5783,3,5,A,DCld 294.8-02.9
HMST 294.9+00.1,175.71193,-61.73926,2,1,A,DCld 294.9+00.1
HMST 294.9-02.6,174.20476,-64.26025,28,16,C,DCld 294.9-02.6
HMST 295.0+00.8,176.20901,-61.08277,8,3,B,DCld 295.0+00.8
HMST 295.0+03.4,177.49758,-58.55148,6,4,A,DCld 295.0+03.4
HMST 295.0+01.3,176.55016,-60.56288,5,3,B,DCld 295.0+01.3
HMST 295.1-02.0,174.88772,-63.75891,3,5,B,DCld 295.1-02.0
HMST 295.2+00.0,176.82706,-60.94297,5,1,B,DCld 295.2+00.0
HMST 295.3-12.8,164.81429,-74.01018,12,12,B,DCld 295.3-12.8
HMST 295.4+00.5,177.00299,-61.43469,3,2,A,DCld 295.4+00.5
HMST 295.5+00.4,177.04074,-61.5097,2,2,A,DCld 295.5+00.4
HMST 295.7+00.0,177.86931,-61.04823,2,2,A,DCld 295.7+00.0
HMST 295.8-00.3,177.25417,-62.33975,12,7,B,DCld 295.8-00.3
HMST 296.1-02.5,176.79256,-64.52296,22,16,C,DCld 296.1-02.5
HMST 296.2-07.9,173.1943,-69.70636,16,12,C,DCld 296.2-07.9
HMST 296.2-15.8,162.66324,-77.0773,16,5,A,DCld 296.2-15.8
HMST 296.2-03.6,176.49184,-65.5662,14,4,B,DCld 296.2-03.6
HMST 296.4-02.9,177.17069,-64.99473,28,8,B,DCld 296.4-02.9
HMST 296.5-15.7,164.04362,-77.12422,16,12,A,DCld 296.5-15.7
HMST 296.8-14.5,167.32019,-76.17149,45,16,B,DCld 296.8-14.5
HMST 297.0-01.7,179.17518,-63.98176,4,2,B,DCld 297.0-01.7
HMST 297.0+02.3,180.98787,-60.0318,3,2,A,DCld 297.0+02.3
HMST 297.1-16.1,165.58949,-77.69953,18,8,A,DCld 297.1-16.1
HMST 297.2-15.1,167.62618,-76.82349,28,8,A,DCld 297.2-15.1
HMST 297.2-15.6,166.70155,-77.30082,100,45,B,DCld 297.2-15.6
HMST 297.3-15.6,167.02766,-77.36452,22,12,A,DCld 297.3-15.6
HMST 297.3+02.2,181.56776,-60.15342,3,1.5,A,DCld 297.3+02.2
HMST 297.7-02.8,180.43346,-65.15182,8,3,A,DCld 297.7-02.8
HMST 298.1-02.8,181.35139,-65.28844,5,3,B,DCld 298.1-02.8
HMST 298.3-13.1,174.62476,-75.29381,14,6,A,DCld 298.3-13.1
HMST 298.3-02.7,181.66712,-65.18674,22,3,B,DCld 298.3-02.7
HMST 298.3-04.5,180.94347,-66.90347,7,7,C,DCld 298.3-04.5
HMST 298.3-02.8,181.7851,-65.31173,4,1.5,A,DCld 298.3-02.8
HMST 298.7+03.4,184.5876,-59.22772,6,3,A,DCld 298.7+03.4
HMST 298.7+03.8,184.7215,-58.85267,16,8,B,DCld 298.7+03.8
HMST 299.0-04.0,182.89832,-66.55154,14,8,B,DCld 299.0-04.0
HMST 299.3+00.5,184.9662,-62.13924,45,16,B,DCld 299.3+00.5
HMST 299.4+05.4,186.28536,-57.32698,9,6,B,DCld 299.4+05.4
HMST 299.5+05.9,186.58249,-56.80683,3,2,B,DCld 299.5+05.9
HMST 299.6+05.6,186.66276,-57.09679,6,3,A,DCld 299.6+05.6
HMST 300.0-03.7,185.53551,-66.45235,3,2,A,DCld 300.0-03.7
HMST 300.1+04.6,187.46669,-58.13467,8,5,B,DCld 300.1+04.6
HMST 300.1-02.7,186.08006,-65.37376,24,2,B,DCld 300.1-02.7
HMST 300.2-03.5,186.05288,-66.17878,8,4,A,DCld 300.2-03.5
HMST 300.2+05.0,187.77662,-57.77614,7,4,C,DCld 300.2+05.0
HMST 300.2-16.9,178.6309,-79.46338,22,16,C,DCld 300.2-16.9
HMST 300.6-03.1,187.0755,-65.89991,9,4,A,DCld 300.6-03.1
HMST 300.6-03.0,187.14231,-65.72987,16,3,B,DCld 300.6-03.0
HMST 300.7-01.0,187.71268,-63.80786,16,16,A,DCld 300.7-01.0
HMST 300.7-01.5,187.64699,-64.31457,7,3,C,DCld 300.7-01.5
HMST 300.7+05.2,188.67051,-57.62222,12,8,C,DCld 300.7+05.2
HMST 300.9-02.6,187.97475,-65.3627,55,22,B,DCld 300.9-02.6
HMST 300.9-01.0,188.26818,-63.84084,55,5,A,DCld 300.9-01.0
HMST 301.0-08.6,186.87967,-71.42003,150,12,A,DCld 301.0-08.6
HMST 301.0-15.8,183.48568,-78.57475,12,5,A,DCld 301.0-15.8
HMST 301.2-00.4,189.07788,-63.21027,5,2,A,DCld 301.2-00.4
HMST 301.4-07.9,188.11389,-70.75429,6,2,A,DCld 301.4-07.9
HMST 301.5-07.7,188.5895,-70.48064,4,2,A,DCld 301.5-07.7
HMST 301.5-02.8,189.47061,-65.63332,16,8,B,DCld 301.5-02.8
HMST 301.6-07.8,188.78915,-70.66383,22,4,A,DCld 301.6-07.8
HMST 301.6+07.6,190.54039,-55.23576,8,4,A,DCld 301.6+07.6
HMST 301.6+04.7,190.36397,-58.15925,8,6,B,DCld 301.6+04.7
HMST 301.6-01.4,189.86449,-64.253,22,3,C,DCld 301.6-01.4
HMST 301.7-06.7,189.2337,-69.51184,7,6,A,DCld 301.7-06.7
HMST 301.7-16.6,186.40228,-79.38197,28,12,B,DCld 301.7-16.6
HMST 301.7-07.2,189.28738,-69.99847,7,2,A,DCld 301.7-07.2
HMST 301.7-02.6,189.91606,-65.4413,5,2,A,DCld 301.7-02.6
HMST 301.7-02.6,189.91606,-65.4413,40,35,B,DCld 301.7-02.6
HMST 301.7+07.7,190.76258,-55.1739,7,3,A,DCld 301.7+07.7
HMST 301.8-04.5,189.80741,-67.31306,4,3,B,DCld 301.8-04.5
HMST 302.0+00.8,190.7852,-62.10056,16,4,B,DCld 302.0+00.8
HMST 302.0-17.7,187.55329,-80.53801,16,3,A,DCld 302.0-17.7
HMST 302.0-07.0,190.22789,-69.87106,4,1.5,A,DCld 302.0-07.0
HMST 302.1+07.4,191.41775,-55.42331,14,3,A,DCld 302.1+07.4
HMST 302.3-17.7,188.95539,-80.5471,12,4,A,DCld 302.3-17.7
HMST 302.3-17.7,188.95539,-80.5471,65,35,B,DCld 302.3-17.7
HMST 302.3-03.7,191.32403,-66.51843,7,7,B,DCld 302.3-03.7
HMST 302.4+01.4,191.70316,-61.45139,12,12,B,DCld 302.4+01.4
HMST 302.5-17.5,190.25641,-80.32944,5,1,A,DCld 302.5-17.5
HMST 302.6-02.2,191.98538,-65.06446,16,12,C,DCld 302.6-02.2
HMST 302.6-15.9,191.14429,-78.80366,6,3,A,DCld 302.6-15.9
HMST 302.6-06.4,191.96196,-69.24783,5,3,A,DCld 302.6-06.4
HMST 302.7-02.9,192.17912,-65.81928,12,12,B,DCld 302.7-02.9
HMST 302.7+04.7,192.47181,-58.19396,16,4,B,DCld 302.7+04.7
HMST 302.8-16.8,192.19219,-79.65603,3,3,A,DCld 302.8-16.8
HMST 302.8+01.3,192.59901,-61.58384,35,35,B,DCld 302.8+01.3
HMST 302.9-14.1,192.59867,-76.92392,12,5,A,DCld 302.9-14.1
HMST 302.9-16.8,192.60203,-79.63729,5,2,A,DCld 302.9-16.8
HMST 302.9+00.2,192.87307,-62.64022,35,12,B,DCld 302.9+00.2
HMST 303.0-16.6,193.18639,-79.46335,100,22,B,DCld 303.0-16.6
HMST 303.0-17.5,193.35113,-80.38819,14,3,A,DCld 303.0-17.5
HMST 303.0-14.3,193.26624,-77.12656,12,12,A,DCld 303.0-14.3
HMST 303.1-16.1,193.78562,-78.95436,8,7,A,DCld 303.1-16.1
HMST 303.1+08.1,193.22798,-54.76482,5,5,C,DCld 303.1+08.1
HMST 303.2-13.8,193.79286,-76.69932,8,6,A,DCld 303.2-13.8
HMST 303.2-01.2,193.37283,-64.08136,12,12,B,DCld 303.2-01.2
HMST 303.2-17.3,194.23865,-80.19721,6,3,A,DCld 303.2-17.3
HMST 303.3-00.5,193.57901,-63.33947,22,22,A,DCld 303.3-00.5
HMST 303.3+01.3,193.58659,-61.55112,12,3,A,DCld 303.3+01.3
HMST 303.3-16.3,194.79833,-79.12487,6,3,A,DCld 303.3-16.3
HMST 303.3-14.3,194.5694,-77.20177,110,65,A,DCld 303.3-14.3
HMST 303.4-01.6,193.95997,-64.47071,12,12,B,DCld 303.4-01.6
HMST 303.5-14.4,195.26855,-77.2676,9,5,A,DCld 303.5-14.4
HMST 303.6+01.4,194.20824,-61.47542,5,5,A,DCld 303.6+01.4
HMST 303.6+00.9,194.26109,-61.94202,9,3,A,DCld 303.6+00.9
HMST 303.6-14.5,195.81177,-77.38359,3,3,A,DCld 303.6-14.5
HMST 303.6-03.3,194.59408,-66.13999,35,5,B,DCld 303.6-03.3
HMST 303.7-03.5,194.65923,-66.40991,5,2,B,DCld 303.7-03.5
HMST 303.7-14.5,196.28014,-77.39965,6,5,A,DCld 303.7-14.5
HMST 303.7-14.8,196.35185,-77.67957,3,3,A,DCld 303.7-14.8
HMST 303.7-15.0,196.47266,-77.87941,4,3,A,DCld 303.7-15.0
HMST 303.7-15.2,196.62657,-78.03921,4,4,A,DCld 303.7-15.2
HMST 303.8+01.3,194.71296,-61.54816,190,65,B,DCld 303.8+01.3
HMST 303.8+01.4,194.72948,-61.49314,8,4,A,DCld 303.8+01.4
HMST 303.8+01.5,194.72867,-61.33814,3,5,A,DCld 303.8+01.5
HMST 303.8-14.2,196.73326,-77.01571,14,6,A,DCld 303.8-14.2
HMST 303.8-03.8,195.12478,-66.70435,22,12,B,DCld 303.8-03.8
HMST 303.9-01.3,195.03092,-64.15778,12,8,B,DCld 303.9-01.3
HMST 304.1-01.5,195.44422,-64.3106,5,5,A,DCld 304.1-01.5
HMST 304.1-01.1,195.52997,-63.91716,7,7,B,DCld 304.1-01.1
HMST 304.2-00.7,195.7884,-63.55516,8,3,B,DCld 304.2-00.7
HMST 304.2+01.7,195.57222,-61.12876,9,9,A,DCld 304.2+01.7
HMST 304.3+01.2,195.64636,-61.617,12,6,B,DCld 304.3+01.2
HMST 304.4+00.2,196.01359,-62.58987,35,12,B,DCld 304.4+00.2
HMST 304.7-00.3,196.83266,-63.11544,100,45,C,DCld 304.7-00.3
HMST 304.8+01.5,196.84255,-61.35375,7,7,B,DCld 304.8+01.5
HMST 304.9+00.6,197.13379,-62.23502,22,16,A,DCld 304.9+00.6
HMST 305.0-03.6,197.97331,-66.39219,12,5,B,DCld 305.0-03.6
HMST 305.1-03.3,198.13462,-66.07028,5,3,B,DCld 305.1-03.3
HMST 305.1-02.3,198.10086,-65.08199,3,3,B,DCld 305.1-02.3
HMST 305.2-01.6,198.07455,-64.42869,12,5,B,DCld 305.2-01.6
HMST 305.2+01.2,197.6003,-61.57269,14,7,B,DCld 305.2+01.2
HMST 305.8-01.3,199.443,-64.07327,16,5,B,DCld 305.8-01.3
HMST 305.9-01.9,199.8554,-64.58762,7,5,A,DCld 305.9-01.9
HMST 306.0-02.5,200.09247,-65.21724,5,3,B,DCld 306.0-02.5
HMST 306.1+00.0,199.69703,-62.69952,6,4,A,DCld 306.1+00.0
HMST 306.2+00.1,199.88091,-62.55756,6,2,A,DCld 306.2+00.1
HMST 306.2-00.3,200.09863,-62.98721,12,5,B,DCld 306.2-00.3
HMST 306.3+00.2,200.21274,-62.52702,35,35,A,DCld 306.3+00.2
HMST 306.5+05.0,199.45029,-57.67489,12,6,B,DCld 306.5+05.0
HMST 306.6-01.1,201.21889,-63.71534,6,3,B,DCld 306.6-01.1
HMST 306.8+00.6,201.1794,-61.98706,6,6,B,DCld 306.8+00.6
HMST 306.9-01.4,201.84822,-64.02258,22,3,C,DCld 306.9-01.4
HMST 306.9-00.1,201.46636,-62.65824,28,12,B,DCld 306.9-00.1
HMST 306.9-01.8,202.13801,-64.42707,35,22,C,DCld 306.9-01.8
HMST 307.1+06.5,200.38604,-56.13836,5,3,B,DCld 307.1+06.5
HMST 307.2-01.0,202.37389,-63.56997,5,5,B,DCld 307.2-01.0
HMST 307.2+01.3,201.78715,-61.24767,16,5,C,DCld 307.2+01.3
HMST 307.2+00.1,202.21703,-62.45858,4,3,A,DCld 307.2+00.1
HMST 307.3+02.9,201.45268,-59.71491,3,3,A,DCld 307.3+02.9
HMST 307.4+06.6,200.78378,-55.99436,7,4,C,DCld 307.4+06.6
HMST 307.4+06.4,200.87321,-56.24088,4,4,B,DCld 307.4+06.4
HMST 307.4+04.4,201.34615,-58.18508,6,3,B,DCld 307.4+04.4
HMST 307.4+05.3,201.13506,-57.28377,1.5,1.5,A,DCld 307.4+05.3
HMST 307.7-01.4,203.71362,-63.85415,12,1,B,DCld 307.7-01.4
HMST 307.9-00.8,203.87553,-63.20716,4,3,B,DCld 307.9-00.8
HMST 308.0+02.1,203.08235,-60.34531,16,1,A,DCld 308.0+02.1
HMST 308.0-01.2,204.33355,-63.62128,22,12,B,DCld 308.0-01.2
HMST 308.0-00.2,204.0339,-62.61185,16,12,B,DCld 308.0-00.2
HMST 308.1+14.2,200.46022,-48.35654,12,12,C,DCld 308.1+14.2
HMST 308.2-00.8,204.68197,-63.14559,35,16,B,DCld 308.2-00.8
HMST 308.3+05.8,202.52858,-56.67297,22,7,C,DCld 308.3+05.8
HMST 308.4-00.2,204.79394,-62.54869,1,3,B,DCld 308.4-00.2
HMST 308.5+01.3,204.33122,-61.06126,12,1,B,DCld 308.5+01.3
HMST 308.5+00.3,204.72196,-62.03383,22,7,B,DCld 308.5+00.3
HMST 308.6+00.1,205.03872,-62.2132,35,3,B,DCld 308.6+00.1
HMST 308.6-01.5,205.75267,-63.85176,65,35,B,DCld 308.6-01.5
HMST 309.0+02.9,204.87222,-59.4135,8,6,B,DCld 309.0+02.9
HMST 309.3+06.2,204.23682,-56.15474,22,7,C,DCld 309.3+06.2
HMST 309.3+02.2,205.7168,-60.03179,35,16,C,DCld 309.3+02.2
HMST 309.3+07.2,204.01666,-55.12849,28,7,C,DCld 309.3+07.2
HMST 309.4-01.9,207.75545,-64.01246,16,1,B,DCld 309.4-01.9
HMST 309.5-00.9,207.3536,-63.02167,45,28,C,DCld 309.5-00.9
HMST 309.7-05.4,210.50133,-67.32782,4,3,B,DCld 309.7-05.4
HMST 309.7-00.0,208.00535,-63.06189,5,5,B,DCld 309.7-00.0
HMST 310.2-01.6,209.2761,-63.58066,5,3,B,DCld 310.2-01.6
HMST 310.2-01.9,209.56516,-63.85499,8,4,B,DCld 310.2-01.9
HMST 310.4-22.2,248.45068,-81.65268,22,5,A,DCld 310.4-22.2
HMST 310.4+02.3,207.79239,-59.75066,12,1,B,DCld 310.4+02.3
HMST 310.4+03.9,207.16196,-58.11537,14,7,C,DCld 310.4+03.9
HMST 310.5+05.8,206.48982,-56.27013,22,22,C,DCld 310.5+05.8
HMST 310.5-02.0,210.26321,-63.88833,22,3,B,DCld 310.5-02.0
HMST 310.6+05.3,206.9715,-56.7741,22,16,C,DCld 310.6+05.3
HMST 310.6-02.4,210.8092,-64.19201,5,3,B,DCld 310.6-02.4
HMST 310.7-21.0,243.56958,-80.60692,16,3,A,DCld 310.7-21.0
HMST 310.9-01.4,210.61134,-63.14581,3,3,B,DCld 310.9-01.4
HMST 311.3+06.1,207.77422,-55.839,22,16,C,DCld 311.3+06.1
HMST 311.4-19.4,239.81404,-79.04395,22,4,B,DCld 311.4-19.4
HMST 311.5+02.6,209.65452,-59.13305,3,2,B,DCld 311.5+02.6
HMST 311.6-21.8,250.65015,-80.49898,12,8,B,DCld 311.6-21.8
HMST 311.7-00.3,211.77288,-61.89792,12,8,B,DCld 311.7-00.3
HMST 311.9+02.6,210.37931,-59.00798,8,2,B,DCld 311.9+02.6
HMST 311.9+08.4,207.93,-53.42696,28,12,C,DCld 311.9+08.4
HMST 312.1+02.8,210.75467,-58.7604,14,3,B,DCld 312.1+02.8
HMST 312.3+03.1,211.06247,-58.46797,7,2,B,DCld 312.3+03.1
HMST 312.5+03.0,211.386,-58.52384,7,4,B,DCld 312.5+03.0
HMST 312.5-22.6,257.69017,-80.19295,35,12,A,DCld 312.5-22.6
HMST 312.8+03.2,211.8155,-58.24276,6,5,B,DCld 312.8+03.2
HMST 313.1-28.7,294.96768,-80.86239,60,45,B,DCld 313.1-28.7
HMST 313.3+03.7,212.40137,-57.63126,3,2,B,DCld 313.3+03.7
HMST 313.3-00.3,215.01197,-61.37438,20,20,B,DCld 313.3-00.3
HMST 313.6+03.6,213.00865,-57.54302,35,22,B,DCld 313.6+03.6
HMST 313.6+03.7,212.99519,-57.44472,14,5,A,DCld 313.6+03.7
HMST 313.7+03.5,213.32814,-57.62885,3,3,A,DCld 313.7+03.5
HMST 314.0-22.3,259.72288,-78.88288,16,12,A,DCld 314.0-22.3
HMST 314.0-22.3,259.72288,-78.88288,220,22,B,DCld 314.0-22.3
HMST 314.1+03.6,213.8801,-57.45906,12,12,C,DCld 314.1+03.6
HMST 314.8-05.1,222.11926,-65.26493,12,5,A,DCld 314.8-05.1
HMST 315.1-29.0,295.71981,-79.06678,28,12,B,DCld 315.1-29.0
HMST 315.6+04.8,215.79731,-55.76378,14,6,C,DCld 315.6+04.8
HMST 315.7-02.4,221.34214,-62.43067,22,8,C,DCld 315.7-02.4
HMST 315.7-03.1,221.98448,-63.00363,18,14,B,DCld 315.7-03.1
HMST 315.8-27.5,287.53619,-78.60067,2,2,A,DCld 315.8-27.5
HMST 315.8-27.5,287.73909,-78.60139,3,1,A,DCld 315.8-27.5
HMST 316.0+04.9,216.30283,-55.58736,16,4,B,DCld 316.0+04.9
HMST 316.0-04.0,223.53961,-63.67026,16,3,A,DCld 316.0-04.0
HMST 316.1+04.7,216.63547,-55.76308,12,7,B,DCld 316.1+04.7
HMST 316.1-03.1,222.72872,-62.83123,14,12,B,DCld 316.1-03.1
HMST 316.2+05.1,216.51029,-55.35343,12,5,A,DCld 316.2+05.1
HMST 316.3+04.9,216.7417,-55.45943,4,3,A,DCld 316.3+04.9
HMST 316.3+04.8,216.97727,-55.56042,12,3,C,DCld 316.3+04.8
HMST 316.5+21.2,209.38228,-39.9052,60,22,A,DCld 316.5+21.2
HMST 316.5-04.0,224.5642,-63.46183,16,2,A,DCld 316.5-04.0
HMST 316.5+03.2,218.41144,-56.97624,5,3,C,DCld 316.5+03.2
HMST 316.6-05.2,225.90498,-64.53063,4,2,A,DCld 316.6-05.2
HMST 316.7-04.7,225.63429,-63.95321,5,2,B,DCld 316.7-04.7
HMST 316.8-03.6,224.67718,-62.9381,12,3,A,DCld 316.8-03.6
HMST 316.9-04.5,225.73488,-63.70952,3,2,A,DCld 316.9-04.5
HMST 316.9-04.9,226.30049,-64.13258,4,2,A,DCld 316.9-04.9
HMST 316.9-02.1,223.33944,-61.60086,5,1.5,A,DCld 316.9-02.1
HMST 316.9-05.4,226.80677,-64.5075,40,5,A,DCld 316.9-05.4
HMST 316.9-03.8,225.08297,-63.1234,18,14,A,DCld 316.9-03.8
HMST 317.0-04.6,226.16865,-63.80136,6,3,A,DCld 317.0-04.6
HMST 317.0-04.1,225.65317,-63.35146,12,4,A,DCld 317.0-04.1
HMST 317.1-04.3,225.98745,-63.51698,14,3,A,DCld 317.1-04.3
HMST 317.1-02.6,224.17105,-61.96144,12,4,A,DCld 317.1-02.6
HMST 317.2-05.1,227.17714,-64.11952,7,5,B,DCld 317.2-05.1
HMST 317.2+06.1,217.58383,-54.01531,26,9,B,DCld 317.2+06.1
HMST 317.3+03.1,219.69941,-56.69567,22,22,C,DCld 317.3+03.1
HMST 317.3-04.8,227.04964,-63.79995,22,5,B,DCld 317.3-04.8
HMST 317.6-28.7,293.21578,-76.9575,5,4,B,DCld 317.6-28.7
HMST 317.7+02.3,220.9584,-57.26844,9,3,B,DCld 317.7+02.3
HMST 317.8-01.1,224.04665,-60.30515,16,7,B,DCld 317.8-01.1
HMST 317.9+07.1,217.9553,-52.84753,22,14,B,DCld 317.9+07.1
HMST 317.9-01.3,224.50101,-60.4203,22,12,B,DCld 317.9-01.3
HMST 318.0+03.8,220.42809,-55.82007,3,2,C,DCld 318.0+03.8
HMST 318.2-02.3,225.96754,-61.23698,24,22,C,DCld 318.2-02.3
HMST 318.2-00.6,224.35234,-59.65411,14,3,B,DCld 318.2-00.6
HMST 318.2-04.3,228.14059,-62.87272,100,65,B,DCld 318.2-04.3
HMST 318.3-00.7,224.58426,-59.75833,5,5,B,DCld 318.3-00.7
HMST 318.7+02.0,222.86745,-57.11231,12,2,B,DCld 318.7+02.0
HMST 318.7+16.9,213.81408,-43.35576,26,18,A,DCld 318.7+16.9
HMST 318.8-04.4,229.38221,-62.65823,3,2,A,DCld 318.8-04.4
HMST 319.2+01.6,224.00087,-57.30691,22,8,C,DCld 319.2+01.6
HMST 319.3-05.2,231.1291,-63.05678,3,1,A,DCld 319.3-05.2
HMST 319.3-03.5,229.18501,-61.64391,16,14,B,DCld 319.3-03.5
HMST 319.4+02.2,223.80892,-56.62753,22,4,B,DCld 319.4+02.2
HMST 319.6+02.3,224.14678,-56.4964,4,3,A,DCld 319.6+02.3
HMST 319.6-04.4,230.7706,-62.22143,6,4,C,DCld 319.6-04.4
HMST 319.8+01.6,225.0823,-56.99325,18,5,A,DCld 319.8+01.6
HMST 319.9-01.8,228.37536,-59.93679,20,12,A,DCld 319.9-01.8
HMST 319.9-02.2,228.80697,-60.22691,3,1,A,DCld 319.9-02.2
HMST 319.9-04.8,231.80033,-62.38757,3,2,A,DCld 319.9-04.8
HMST 320.1-01.5,228.47882,-59.54975,8,6,B,DCld 320.1-01.5
HMST 320.1-04.3,231.61226,-61.93326,3,1,A,DCld 320.1-04.3
HMST 320.2+00.4,226.82204,-57.80892,3,2,C,DCld 320.2+00.4
HMST 320.4-00.0,227.56729,-58.11297,16,7,B,DCld 320.4-00.0
HMST 320.5-03.5,231.26209,-61.02788,2,1,A,DCld 320.5-03.5
HMST 320.5-03.6,231.43953,-61.11889,3,2,A,DCld 320.5-03.6
HMST 320.7-03.6,231.75251,-61.04104,14,14,A,DCld 320.7-03.6
HMST 320.7-04.4,232.63809,-61.64102,12,5,B,DCld 320.7-04.4
HMST 320.7-01.7,229.70787,-59.36194,14,2,A,DCld 320.7-01.7
HMST 320.7-02.0,230.06783,-59.63395,6,4,A,DCld 320.7-02.0
HMST 320.8+05.1,223.77619,-53.39925,3,3,B,DCld 320.8+05.1
HMST 320.9-02.1,230.39825,-59.59773,3,1,A,DCld 320.9-02.1
HMST 321.0-03.8,232.44755,-61.01506,12,6,B,DCld 321.0-03.8
HMST 321.0-04.7,233.55627,-61.67916,16,5,C,DCld 321.0-04.7
HMST 321.1+01.3,227.39404,-56.61355,35,22,B,DCld 321.1+01.3
HMST 321.6-01.9,231.31203,-59.06097,9,6,A,DCld 321.6-01.9
HMST 321.8-01.9,231.65055,-59.01136,8,5,B,DCld 321.8-01.9
HMST 321.8-00.7,230.4506,-57.92916,22,16,C,DCld 321.8-00.7
HMST 321.9-04.6,234.87437,-61.10732,8,4,C,DCld 321.9-04.6
HMST 321.9-03.7,233.79832,-60.35817,5,3,C,DCld 321.9-03.7
HMST 322.0+03.4,226.97994,-54.3683,12,3,C,DCld 322.0+03.4
HMST 322.2-02.0,232.40235,-58.87184,4,3,B,DCld 322.2-02.0
HMST 322.2-04.5,235.32239,-60.85221,22,12,A,DCld 322.2-04.5
HMST 323.0+04.0,227.80627,-53.30702,3,2,A,DCld 323.0+04.0
HMST 323.0-02.7,234.53486,-58.96359,45,45,C,DCld 323.0-02.7
HMST 323.0+03.9,227.9703,-53.3881,3,2,B,DCld 323.0+03.9
HMST 323.1-01.0,232.72719,-57.53056,12,12,C,DCld 323.1-01.0
HMST 323.1+04.0,227.97738,-53.25974,3,2,B,DCld 323.1+04.0
HMST 323.4+07.4,225.62646,-50.13794,16,4,B,DCld 323.4+07.4
HMST 323.7+05.6,227.52193,-51.583,45,16,B,DCld 323.7+05.6
HMST 324.1+08.5,225.7623,-48.84245,12,6,B,DCld 324.1+08.5
HMST 324.3-03.8,237.7381,-59.03577,22,7,C,DCld 324.3-03.8
HMST 324.5+10.2,225.04273,-47.18489,14,12,B,DCld 324.5+10.2
HMST 325.1-10.1,247.92403,-63.04225,14,14,C,DCld 325.1-10.1
HMST 325.1-01.9,236.77588,-57.02961,9,6,B,DCld 325.1-01.9
HMST 325.2-02.6,237.58964,-57.47966,8,1,B,DCld 325.2-02.6
HMST 325.2+05.8,229.3036,-50.61156,3,3,A,DCld 325.2+05.8
HMST 325.3-02.8,238.03943,-57.62783,14,3,B,DCld 325.3-02.8
HMST 325.3-00.3,235.2216,-55.58579,16,12,B,DCld 325.3-00.3
HMST 325.4+00.2,234.877,-55.11881,12,1,B,DCld 325.4+00.2
HMST 325.5+05.8,229.75799,-50.44156,28,14,A,DCld 325.5+05.8
HMST 325.6-03.0,238.61138,-57.54215,28,12,C,DCld 325.6-03.0
HMST 325.9+05.9,230.25775,-50.20471,3,2,A,DCld 325.9+05.9
HMST 326.0-00.9,236.90893,-55.69571,35,12,B,DCld 326.0-00.9
HMST 326.4-00.1,236.609,-54.78523,22,12,B,DCld 326.4-00.1
HMST 326.5+06.0,230.86056,-49.80413,12,2,B,DCld 326.5+06.0
HMST 326.7+00.6,236.32855,-54.063,14,8,B,DCld 326.7+00.6
HMST 326.8+05.6,231.57319,-49.99145,3,2,A,DCld 326.8+05.6
HMST 326.9+05.5,231.76155,-50.01074,3,2,A,DCld 326.9+05.5
HMST 326.9-03.2,240.7848,-56.83474,8,7,C,DCld 326.9-03.2
HMST 326.9-01.6,238.92816,-55.61578,35,16,B,DCld 326.9-01.6
HMST 327.2+01.8,235.58263,-52.81762,12,3,A,DCld 327.2+01.8
HMST 328.3-00.0,239.99871,-54.29297,35,22,C,DCld 328.3-00.0
HMST 328.7-00.7,240.28508,-53.77509,3,2,A,DCld 328.7-00.7
HMST 329.2-00.7,240.98389,-53.48214,8,6,B,DCld 329.2-00.7
HMST 329.6-00.5,241.20827,-53.01451,20,7,B,DCld 329.6-00.5
HMST 329.8-02.7,243.88912,-54.51139,14,14,C,DCld 329.8-02.7
HMST 330.0+00.2,240.87335,-52.23924,28,16,B,DCld 330.0+00.2
HMST 330.3-03.1,245.02064,-54.42979,12,8,B,DCld 330.3-03.1
HMST 330.5-01.8,243.65807,-53.4157,9,4,B,DCld 330.5-01.8
HMST 330.5-01.6,243.60618,-53.27258,3,2,B,DCld 330.5-01.6
HMST 330.5-00.4,242.24583,-52.38175,22,14,C,DCld 330.5-00.4
HMST 330.6+04.1,237.57487,-48.91285,16,12,B,DCld 330.6+04.1
HMST 330.6-03.1,245.39827,-54.22479,28,12,C,DCld 330.6-03.1
HMST 330.7-01.3,243.42598,-52.88169,7,7,A,DCld 330.7-01.3
HMST 331.0-00.7,243.18051,-52.2594,7,1,A,DCld 331.0-00.7
HMST 331.1-02.3,245.01901,-53.30643,3,2,A,DCld 331.1-02.3
HMST 331.7+07.0,236.24895,-45.94316,24,5,A,DCld 331.7+07.0
HMST 331.7+01.7,241.37201,-50.03208,35,22,C,DCld 331.7+01.7
HMST 331.7+00.7,242.44961,-50.78583,35,35,C,DCld 331.7+00.7
HMST 332.0-01.3,244.95394,-52.05335,8,3,B,DCld 332.0-01.3
HMST 332.1-00.1,243.64744,-51.04901,6,5,B,DCld 332.1-00.1
HMST 332.4-01.0,245.0899,-51.52274,16,12,C,DCld 332.4-01.0
HMST 332.4-03.3,247.78594,-53.06583,220,45,C,DCld 332.4-03.3
HMST 332.7+06.8,237.56982,-45.50781,6,2,A,DCld 332.7+06.8
HMST 333.1+05.5,239.20102,-46.21944,6,3,B,DCld 333.1+05.5
HMST 333.7+00.5,244.7926,-49.53066,16,12,B,DCld 333.7+00.5
HMST 334.2+00.0,245.908,-49.54909,3,1,A,DCld 334.2+00.0
HMST 334.2+11.3,235.2759,-41.04363,28,6,B,DCld 334.2+11.3
HMST 334.4+18.1,230.44213,-35.44049,28,16,B,DCld 334.4+18.1
HMST 334.5+17.2,231.09743,-36.11638,16,5,C,DCld 334.5+17.2
HMST 334.6+04.6,241.57528,-45.92113,12,5,A,DCld 334.6+04.6
HMST 334.6-00.6,247.04956,-49.6807,12,1,C,DCld 334.6-00.6
HMST 334.6-01.4,247.94407,-50.14338,8,7,A,DCld 334.6-01.4
HMST 334.7-01.6,248.28357,-50.25686,16,4,B,DCld 334.7-01.6
HMST 334.7+11.9,235.40012,-40.28312,14,5,B,DCld 334.7+11.9
HMST 334.7-01.0,247.69462,-49.86116,28,22,B,DCld 334.7-01.0
HMST 334.8+19.1,230.08567,-34.41013,22,12,C,DCld 334.8+19.1
HMST 334.8+01.4,245.10378,-48.08593,12,6,C,DCld 334.8+01.4
HMST 335.0-02.1,249.17013,-50.37286,270,110,B,DCld 335.0-02.1
HMST 335.0-01.5,248.49744,-49.95755,12,7,C,DCld 335.0-01.5
HMST 335.1-02.8,250.05186,-50.80554,24,5,A,DCld 335.1-02.8
HMST 335.1+20.1,229.61684,-33.41185,5,3,C,DCld 335.1+20.1
HMST 335.1+00.2,246.71445,-48.78217,65,35,C,DCld 335.1+00.2
HMST 335.2-01.0,248.17136,-49.53568,12,12,B,DCld 335.2-01.0
HMST 335.3+03.7,243.26464,-46.14723,28,12,B,DCld 335.3+03.7
HMST 335.5-00.0,248.41885,-49.24789,20,5,C,DCld 335.5-00.0
HMST 335.6+08.2,239.42623,-42.59011,16,5,A,DCld 335.6+08.2
HMST 335.7-02.7,250.64257,-50.24283,110,80,B,DCld 335.7-02.7
HMST 335.9+07.0,240.77647,-43.29113,7,3,A,DCld 335.9+07.0
HMST 335.9+11.3,237.03109,-39.99657,12,5,C,DCld 335.9+11.3
HMST 335.9+07.9,239.93135,-42.563,7,4,A,DCld 335.9+07.9
HMST 336.0+08.1,239.84654,-42.39502,9,4,A,DCld 336.0+08.1
HMST 336.0+04.9,242.78447,-44.72594,22,5,B,DCld 336.0+04.9
HMST 336.0-03.1,251.39004,-50.25774,16,22,B,DCld 336.0-03.1
HMST 336.1+19.6,230.89391,-33.30544,150,110,B,DCld 336.1+19.6
HMST 336.2-03.6,252.20204,-50.44568,7,3,A,DCld 336.2-03.6
HMST 336.2-01.0,249.26549,-48.75906,12,5,A,DCld 336.2-01.0
HMST 336.3-01.2,249.50442,-48.84964,26,12,A,DCld 336.3-01.2
HMST 336.3-00.3,248.55011,-48.21394,14,3,B,DCld 336.3-00.3
HMST 336.4-01.5,249.83533,-48.95314,35,16,B,DCld 336.4-01.5
HMST 336.4+14.8,234.71893,-36.99244,55,22,C,DCld 336.4+14.8
HMST 336.4+08.2,240.25739,-42.05829,16,5,A,DCld 336.4+08.2
HMST 336.5-01.9,250.48863,-49.14351,80,55,B,DCld 336.5-01.9
HMST 336.6+07.8,240.70551,-42.22808,3,3,A,DCld 336.6+07.8
HMST 336.6+00.2,248.29428,-47.68341,22,12,C,DCld 336.6+00.2
HMST 336.6+19.8,231.2379,-32.83081,8,4,A,DCld 336.6+19.8
HMST 336.6-00.6,249.12999,-48.16799,3.5,1.5,B,DCld 336.6-00.6
HMST 336.7+08.2,240.40621,-41.85933,22,12,A,DCld 336.7+08.2
HMST 336.7-02.3,251.07834,-49.24415,5,1,A,DCld 336.7-02.3
HMST 336.7+07.8,240.81315,-42.10762,4,3,A,DCld 336.7+07.8
HMST 336.7+16.9,233.4551,-35.12236,12,4,C,DCld 336.7+16.9
HMST 336.8-03.1,252.27266,-49.66867,16,16,B,DCld 336.8-03.1
HMST 336.9-01.7,250.65139,-48.74442,16,12,A,DCld 336.9-01.7
HMST 336.9+05.1,243.53866,-44.03933,24,7,A,DCld 336.9+05.1
HMST 336.9+08.3,240.62621,-41.68507,6,5,A,DCld 336.9+08.3
HMST 336.9+07.8,241.04617,-41.99997,16,2,A,DCld 336.9+07.8
HMST 336.9+11.6,237.76401,-39.09024,5,4,C,DCld 336.9+11.6
HMST 337.0+09.2,239.8898,-40.92315,6,3,B,DCld 337.0+09.2
HMST 337.0+14.5,235.51112,-36.80597,16,3,A,DCld 337.0+14.5
HMST 337.0+18.1,232.87245,-33.9846,14,12,C,DCld 337.0+18.1
HMST 337.1+00.6,248.24187,-47.02197,3,1,C,DCld 337.1+00.6
HMST 337.1-00.8,249.78763,-47.97334,55,16,B,DCld 337.1-00.8
HMST 337.1-05.5,255.4306,-50.99068,16,1,B,DCld 337.1-05.5
HMST 337.1-04.9,254.67476,-50.59587,8,2,A,DCld 337.1-04.9
HMST 337.1+11.1,238.33806,-39.38289,28,5,C,DCld 337.1+11.1
HMST 337.1-00.4,249.38384,-47.67349,22,22,B,DCld 337.1-00.4
HMST 337.1-01.5,250.6854,-48.40259,7,2,C,DCld 337.1-01.5
HMST 337.2-01.4,250.56695,-48.25146,4,2,B,DCld 337.2-01.4
HMST 337.3+07.7,241.48763,-41.84976,14,4,A,DCld 337.3+07.7
HMST 337.3-05.8,255.94808,-50.99158,14,1,B,DCld 337.3-05.8
HMST 337.3-02.0,251.35111,-48.59288,14,12,B,DCld 337.3-02.0
HMST 337.3-02.2,251.65711,-48.71481,5,1.5,B,DCld 337.3-02.2
HMST 337.5-01.0,250.45839,-47.84028,4,4,B,DCld 337.5-01.0
HMST 337.5-35.3,306.9393,-59.51631,7,3,C,DCld 337.5-35.3
HMST 337.5-01.1,250.65042,-47.84107,8,1,B,DCld 337.5-01.1
HMST 337.6+16.4,234.58578,-34.98794,16,3,A,DCld 337.6+16.4
HMST 337.6-01.9,251.57784,-48.32017,28,16,B,DCld 337.6-01.9
HMST 337.6+07.6,241.89553,-41.68135,28,8,A,DCld 337.6+07.6
HMST 337.7-35.4,307.18554,-59.34867,4,3,C,DCld 337.7-35.4
HMST 337.7-04.0,254.1584,-49.59325,12,5,A,DCld 337.7-04.0
HMST 337.7+07.3,242.32258,-41.83286,12,1,A,DCld 337.7+07.3
HMST 337.8-01.6,251.47011,-47.99232,6,4,A,DCld 337.8-01.6
HMST 337.8+18.9,232.95819,-32.88092,16,22,C,DCld 337.8+18.9
HMST 337.9-35.5,307.32399,-59.17979,6,3,C,DCld 337.9-35.5
HMST 337.9-01.4,251.25479,-47.7533,9,0.5,A,DCld 337.9-01.4
HMST 337.9+16.4,234.85593,-34.78021,20,5,A,DCld 337.9+16.4
HMST 337.9+16.4,234.85593,-34.78021,65,35,B,DCld 337.9+16.4
HMST 338.0-01.7,251.73655,-47.92443,14,6,B,DCld 338.0-01.7
HMST 338.0-02.0,252.15553,-48.07917,60,55,B,DCld 338.0-02.0
HMST 338.0-26.9,290.72374,-58.83558,50,50,C,DCld 338.0-26.9
HMST 338.1+07.1,242.83512,-41.70233,16,7,A,DCld 338.1+07.1
HMST 338.2+16.4,235.13488,-34.6491,12,3,A,DCld 338.2+16.4
HMST 338.2+00.8,249.16747,-46.0211,2,2,A,DCld 338.2+00.8
HMST 338.3-02.0,252.36615,-47.86152,24,14,A,DCld 338.3-02.0
HMST 338.5+12.1,238.87852,-37.80231,7,3,A,DCld 338.5+12.1
HMST 338.5+09.7,240.90711,-39.56385,6,3,A,DCld 338.5+09.7
HMST 338.6+02.5,247.76913,-44.65737,7,1.5,B,DCld 338.6+02.5
HMST 338.6+02.0,248.26455,-44.97515,12,8,A,DCld 338.6+02.0
HMST 338.6+09.5,241.1205,-39.62961,5,3,A,DCld 338.6+09.5
HMST 338.6-01.9,252.55448,-47.50231,22,12,B,DCld 338.6-01.9
HMST 338.6+11.9,239.18348,-37.83104,14,5,A,DCld 338.6+11.9
HMST 338.7+17.5,234.75231,-33.4606,45,16,A,DCld 338.7+17.5
HMST 338.7+01.8,248.65753,-45.04172,22,2,A,DCld 338.7+01.8
HMST 338.7+15.6,236.26362,-34.9146,8,3,A,DCld 338.7+15.6
HMST 338.8+00.8,249.81485,-45.61483,3,2,C,DCld 338.8+00.8
HMST 338.8+16.5,235.64957,-34.14205,310,80,B,DCld 338.8+16.5
HMST 338.8+16.5,235.64957,-34.14205,35,16,A,DCld 338.8+16.5
HMST 338.8-03.0,254.07514,-48.06027,8,8,B,DCld 338.8-03.0
HMST 338.9+15.1,236.75812,-35.22928,16,3,A,DCld 338.9+15.1
HMST 338.9+09.5,241.47002,-39.4648,6,4,A,DCld 338.9+09.5
HMST 339.0+03.1,247.5751,-43.94989,8,6,B,DCld 339.0+03.1
HMST 339.0+15.0,236.98779,-35.24001,7,3,A,DCld 339.0+15.0
HMST 339.0+15.8,236.3998,-34.64905,7,1,A,DCld 339.0+15.8
HMST 339.0+00.4,250.42121,-45.73707,45,5,A,DCld 339.0+00.4
HMST 339.1+11.7,239.66663,-37.66236,16,3,A,DCld 339.1+11.7
HMST 339.1-00.8,251.68854,-46.45628,2,2,A,DCld 339.1-00.8
HMST 339.1+14.5,237.43241,-35.58488,22,4,B,DCld 339.1+14.5
HMST 339.1+15.4,236.75191,-34.89096,28,7,A,DCld 339.1+15.4
HMST 339.2+16.1,236.30166,-34.28944,35,16,A,DCld 339.2+16.1
HMST 339.2+18.5,234.50444,-32.43156,12,12,C,DCld 339.2+18.5
HMST 339.2+01.2,249.74327,-45.09347,16,5,A,DCld 339.2+01.2
HMST 339.3-00.3,251.5045,-45.98045,16,3,A,DCld 339.3-00.3
HMST 339.4+09.5,241.93524,-39.13614,12,12,A,DCld 339.4+09.5
HMST 339.5-00.8,252.21583,-46.17218,16,5,A,DCld 339.5-00.8
HMST 339.5-02.8,254.42255,-47.35197,22,35,B,DCld 339.5-02.8
HMST 339.6+05.6,245.64916,-41.74007,5,2,B,DCld 339.6+05.6
HMST 339.6+16.9,236.01241,-33.36225,8,5,B,DCld 339.6+16.9
HMST 339.6+11.5,240.37909,-37.45271,14,8,B,DCld 339.6+11.5
HMST 339.7+09.2,242.52779,-39.10361,22,9,A,DCld 339.7+09.2
HMST 339.9-03.4,255.48825,-47.51532,22,16,B,DCld 339.9-03.4
HMST 340.0+06.0,245.69059,-41.16821,8,8,A,DCld 340.0+06.0
HMST 340.2+04.5,247.2635,-42.12958,22,5,B,DCld 340.2+04.5
HMST 340.2+09.0,243.06918,-38.92461,28,6,A,DCld 340.2+09.0
HMST 340.2-04.1,256.56556,-47.59858,12,16,B,DCld 340.2-04.1
HMST 340.3+05.5,246.38064,-41.3385,8,3,A,DCld 340.3+05.5
HMST 340.4+06.1,245.91776,-40.85887,8,2,B,DCld 340.4+06.1
HMST 340.4+05.5,246.52191,-41.2562,3,2,A,DCld 340.4+05.5
HMST 340.5+05.6,246.56676,-41.121,6,4,B,DCld 340.5+05.6
HMST 340.5+03.4,248.72844,-42.62968,4,3,C,DCld 340.5+03.4
HMST 340.5+00.5,251.68704,-44.51291,7,2,A,DCld 340.5+00.5
HMST 340.6+06.6,245.68458,-40.38656,5,2,A,DCld 340.6+06.6
HMST 340.6+09.0,243.51387,-38.65101,8,4,A,DCld 340.6+09.0
HMST 340.6+06.4,245.9108,-40.49556,14,3,A,DCld 340.6+06.4
HMST 340.7+00.0,242.67361,-37.87296,3,3,A,DCld 340.7+00.0
HMST 340.7-02.4,255.03685,-46.18907,250,150,B,DCld 340.7-02.4
HMST 340.7+09.7,242.97129,-38.06335,12,16,A,DCld 340.7+09.7
HMST 340.7+06.6,245.80046,-40.25604,12,3,A,DCld 340.7+06.6
HMST 340.8+04.7,247.56751,-41.52655,14,2,C,DCld 340.8+04.7
HMST 340.8+03.3,248.98996,-42.46017,12,1,B,DCld 340.8+03.3
HMST 340.9+09.2,243.48619,-38.27779,7,5,A,DCld 340.9+09.2
HMST 341.0+03.1,249.45766,-42.49305,4,3,C,DCld 341.0+03.1
HMST 341.1+10.2,242.80858,-37.46904,35,5,B,DCld 341.1+10.2
HMST 341.1+05.9,246.75833,-40.52847,3,2,B,DCld 341.1+05.9
HMST 341.1+06.2,246.50551,-40.21459,18,5,A,DCld 341.1+06.2
HMST 341.2+06.5,246.27441,-40.01061,14,4,A,DCld 341.2+06.5
HMST 341.3+03.9,248.95851,-41.67863,8,8,B,DCld 341.3+03.9
HMST 341.5+02.3,250.71052,-42.59901,16,5,A,DCld 341.5+02.3
HMST 341.6+03.1,250.04622,-42.00537,35,28,B,DCld 341.6+03.1
HMST 341.7+08.5,244.91721,-38.19489,6,1,A,DCld 341.7+08.5
HMST 341.9-03.0,256.75402,-45.58431,8,4,A,DCld 341.9-03.0
HMST 342.0+00.3,253.22263,-43.57913,20,7,A,DCld 342.0+00.3
HMST 342.0+09.4,244.37768,-37.43724,22,7,A,DCld 342.0+09.4
HMST 342.1+05.9,247.61197,-39.72965,120,90,B,DCld 342.1+05.9
HMST 342.1-03.8,257.82525,-45.92592,35,14,A,DCld 342.1-03.8
HMST 342.1-07.1,261.87369,-47.83331,16,12,B,DCld 342.1-07.1
HMST 342.1+09.7,244.18753,-37.0964,22,12,A,DCld 342.1+09.7
HMST 342.2+08.1,245.70555,-38.13309,16,1.5,B,DCld 342.2+08.1
HMST 342.3+08.9,245.01276,-37.53946,28,16,B,DCld 342.3+08.9
HMST 342.4+08.1,245.92197,-38.0488,45,14,C,DCld 342.4+08.1
HMST 342.4+09.6,244.52439,-36.92326,6,4,A,DCld 342.4+09.6
HMST 342.5+06.4,247.51581,-39.15007,5,2,A,DCld 342.5+06.4
HMST 342.5+07.4,246.55062,-38.41936,3,2,A,DCld 342.5+07.4
HMST 342.5+09.9,244.3769,-36.7139,8,5,B,DCld 342.5+09.9
HMST 342.6+03.3,250.69817,-41.10071,22,3,B,DCld 342.6+03.3
HMST 342.7+09.7,244.69405,-36.71085,7,2,A,DCld 342.7+09.7
HMST 342.8+09.3,245.10016,-36.9024,9,7,B,DCld 342.8+09.3
HMST 342.8+08.7,245.65381,-37.30497,14,7,B,DCld 342.8+08.7
HMST 342.9+09.0,245.51831,-37.02223,5,4,B,DCld 342.9+09.0
HMST 343.0+02.8,251.54141,-41.14684,28,6,A,DCld 343.0+02.8
HMST 343.3-03.8,258.88444,-45.03587,35,5,B,DCld 343.3-03.8
HMST 343.4-00.6,255.40321,-42.94561,120,65,B,DCld 343.4-00.6
HMST 343.4+03.5,251.20986,-40.38502,7,2,A,DCld 343.4+03.5
HMST 343.5-03.7,258.90277,-44.76911,22,8,B,DCld 343.5-03.7
HMST 343.6+00.1,254.76459,-42.42359,14,4,A,DCld 343.6+00.1
HMST 343.7+04.0,250.90528,-39.85307,9,2,B,DCld 343.7+04.0
HMST 343.7-02.3,257.5422,-43.77721,150,90,B,DCld 343.7-02.3
HMST 343.7+10.6,244.83519,-35.35354,55,28,C,DCld 343.7+10.6
HMST 343.8+07.0,248.09453,-37.82912,3,3,B,DCld 343.8+07.0
HMST 344.0+01.7,253.41442,-41.10986,14,5,B,DCld 344.0+01.7
HMST 344.0+02.3,252.83152,-40.74089,16,14,C,DCld 344.0+02.3
HMST 344.0+01.2,253.94641,-41.37239,20,5,B,DCld 344.0+01.2
HMST 344.1+01.6,253.63094,-41.05885,12,4,A,DCld 344.1+01.6
HMST 344.3-01.1,256.66375,-42.55634,12,1,A,DCld 344.3-01.1
HMST 344.3+02.1,253.30151,-40.56204,8,4,B,DCld 344.3+02.1
HMST 344.4+03.8,251.61541,-39.42314,8,6,A,DCld 344.4+03.8
HMST 344.4+00.6,254.91077,-41.45789,24,12,C,DCld 344.4+00.6
HMST 344.5+03.2,252.28965,-39.7517,3,2,A,DCld 344.5+03.2
HMST 344.5+02.0,253.6349,-40.51882,5,1,A,DCld 344.5+02.0
HMST 344.5+06.7,248.96356,-37.40686,12,2,C,DCld 344.5+06.7
HMST 344.6-03.7,259.82039,-43.88471,75,50,B,DCld 344.6-03.7
HMST 344.6-04.3,260.44836,-44.14672,5,3,A,DCld 344.6-04.3
HMST 344.7+10.5,245.70284,-34.67305,12,2,B,DCld 344.7+10.5
HMST 344.8+10.4,245.87031,-34.76064,12,2,B,DCld 344.8+10.4
HMST 344.8+03.6,252.19422,-39.28047,12,3,C,DCld 344.8+03.6
HMST 344.8+03.1,252.71828,-39.61305,22,4,B,DCld 344.8+03.1
HMST 344.8+04.0,251.85444,-39.0387,7,4,C,DCld 344.8+04.0
HMST 344.8+07.6,248.36127,-36.60956,4,2,A,DCld 344.8+07.6
HMST 344.9+04.3,251.58967,-38.78491,12,12,C,DCld 344.9+04.3
HMST 344.9+02.6,253.29186,-39.87373,22,12,C,DCld 344.9+02.6
HMST 344.9+10.4,245.90726,-34.66881,22,16,B,DCld 344.9+10.4
HMST 344.9+10.3,246.05752,-34.67648,16,5,B,DCld 344.9+10.3
HMST 345.0-03.5,259.89984,-43.45099,2,2,A,DCld 345.0-03.5
HMST 345.0+10.1,246.33793,-34.80524,4,3,B,DCld 345.0+10.1
HMST 345.0+03.9,252.13284,-38.89241,16,7,B,DCld 345.0+03.9
HMST 345.1+03.2,252.89098,-39.28892,20,14,C,DCld 345.1+03.2
HMST 345.1+00.8,255.28447,-40.74279,28,6,A,DCld 345.1+00.8
HMST 345.2-04.1,260.68964,-43.63055,6,2,B,DCld 345.2-04.1
HMST 345.2-02.9,259.34471,-42.93363,28,22,B,DCld 345.2-02.9
HMST 345.2-03.6,260.18659,-43.34129,6,5,A,DCld 345.2-03.6
HMST 345.4-05.1,262.0361,-44.04077,12,3,B,DCld 345.4-05.1
HMST 345.4-04.0,260.72903,-43.37703,12,9,A,DCld 345.4-04.0
HMST 345.4-04.9,261.83058,-43.91009,3,2,B,DCld 345.4-04.9
HMST 345.6-00.0,257.52202,-41.47059,6,1.5,B,DCld 345.6-00.0
HMST 345.7-05.0,262.19097,-43.65335,16,12,C,DCld 345.7-05.0
HMST 345.8+07.6,249.21611,-35.94236,3,2,A,DCld 345.8+07.6
HMST 345.8+03.9,252.68325,-38.30653,22,12,C,DCld 345.8+03.9
HMST 345.8-02.3,259.19572,-42.11266,22,16,C,DCld 345.8-02.3
HMST 345.8+03.0,253.63473,-38.90379,50,22,C,DCld 345.8+03.0
HMST 346.0+07.8,249.20971,-35.61905,5,2,A,DCld 346.0+07.8
HMST 346.1+07.3,249.72014,-35.83007,2,1,A,DCld 346.1+07.3
HMST 346.1+07.8,249.31755,-35.52689,5,1.5,A,DCld 346.1+07.8
HMST 346.2-11.7,270.76087,-46.66358,3,1.5,A,DCld 346.2-11.7
HMST 346.2+07.7,249.40905,-35.48648,35,12,B,DCld 346.2+07.7
HMST 346.3+07.8,249.44211,-35.43966,7,2,A,DCld 346.3+07.8
HMST 346.3-04.1,261.56895,-42.64632,22,8,A,DCld 346.3-04.1
HMST 346.4-05.0,262.65744,-43.14109,2,2,A,DCld 346.4-05.0
HMST 346.4-02.2,259.44929,-41.53143,16,4,B,DCld 346.4-02.2
HMST 346.4+07.9,249.3656,-35.23167,4,2,A,DCld 346.4+07.9
HMST 346.4+02.7,254.4251,-38.6201,22,7,B,DCld 346.4+02.7
HMST 346.4-00.6,257.84446,-40.62571,6,4,A,DCld 346.4-00.6
HMST 346.4-00.5,257.68516,-40.52647,5,3,A,DCld 346.4-00.5
HMST 346.5+00.1,257.14385,-40.12069,40,3,C,DCld 346.5+00.1
HMST 346.5+07.8,249.5659,-35.2391,4,1.5,B,DCld 346.5+07.8
HMST 346.5-00.5,257.81771,-40.41584,35,16,A,DCld 346.5-00.5
HMST 346.7-08.2,266.59297,-44.51377,4,2,B,DCld 346.7-08.2
HMST 346.8-00.4,257.9162,-40.2187,5,4,A,DCld 346.8-00.4
HMST 346.8+10.4,247.46274,-33.26021,22,12,C,DCld 346.8+10.4
HMST 346.9-05.1,263.12509,-42.75383,22,16,C,DCld 346.9-05.1
HMST 346.9+00.3,257.23621,-39.67691,5,3,B,DCld 346.9+00.3
HMST 347.2+01.8,255.86325,-38.51003,4,3,B,DCld 347.2+01.8
HMST 347.2-03.4,261.44274,-41.5619,20,14,B,DCld 347.2-03.4
HMST 347.2+06.8,251.03933,-35.36071,18,14,A,DCld 347.2+06.8
HMST 347.2+02.2,255.53178,-38.25158,12,2,B,DCld 347.2+02.2
HMST 347.4-04.0,262.2819,-41.68954,16,4,B,DCld 347.4-04.0
HMST 347.4+01.8,256.11614,-38.3105,5,2,B,DCld 347.4+01.8
HMST 347.5-08.0,267.0023,-43.7201,6,3,A,DCld 347.5-08.0
HMST 347.5-03.2,261.42664,-41.1403,28,3,B,DCld 347.5-03.2
HMST 347.5-02.3,260.48015,-40.64483,22,8,B,DCld 347.5-02.3
HMST 347.6+07.0,251.17381,-34.89842,22,12,B,DCld 347.6+07.0
HMST 347.7-04.3,262.80263,-41.64036,26,6,B,DCld 347.7-04.3
HMST 347.9-04.4,263.09389,-41.57396,14,4,A,DCld 347.9-04.4
HMST 347.9-03.0,261.52322,-40.72483,12,9,A,DCld 347.9-03.0
HMST 348.0+03.4,254.9507,-36.95595,55,40,B,DCld 348.0+03.4
HMST 348.0+03.7,254.60686,-36.70422,4,3,A,DCld 348.0+03.7
HMST 348.2-02.6,261.2985,-40.27423,4,0.5,A,DCld 348.2-02.6
HMST 348.2+02.2,256.28886,-37.43467,14,4,B,DCld 348.2+02.2
HMST 348.4+01.5,257.12909,-37.69738,18,3,B,DCld 348.4+01.5
HMST 348.6-50.6,329.80065,-48.32697,14,5,C,DCld 348.6-50.6
HMST 348.6+03.6,255.19176,-36.26647,14,8,A,DCld 348.6+03.6
HMST 348.7-01.6,260.57352,-39.31102,3,1.5,B,DCld 348.7-01.6
HMST 348.9-46.2,323.20349,-49.2299,12,3,C,DCld 348.9-46.2
HMST 348.9+02.9,256.1819,-36.50349,5,4,B,DCld 348.9+02.9
HMST 349.0-04.1,263.54271,-40.4201,22,6,A,DCld 349.0-04.1
HMST 349.0+03.4,255.73695,-36.10558,12,12,A,DCld 349.0+03.4
HMST 349.0+03.0,256.10962,-36.31383,2.5,2.5,A,DCld 349.0+03.0
HMST 349.2+03.1,256.11254,-36.14048,3,1,A,DCld 349.2+03.1
HMST 349.2+03.1,256.192,-36.17177,1,1,A,DCld 349.2+03.1
HMST 349.2+04.3,254.98539,-35.39909,6,5,B,DCld 349.2+04.3
HMST 349.2+01.8,257.47338,-36.89407,4,2,B,DCld 349.2+01.8
HMST 349.3+03.1,256.20371,-36.06005,2,1,A,DCld 349.3+03.1
HMST 349.3-02.2,261.64344,-39.10755,28,9,B,DCld 349.3-02.2
HMST 349.3+02.3,257.0911,-36.5142,3,1,A,DCld 349.3+02.3
HMST 349.7-03.9,263.84141,-39.73865,20,4,B,DCld 349.7-03.9
HMST 349.8-03.5,263.49299,-39.44199,18,6,A,DCld 349.8-03.5
HMST 349.9-01.8,261.69212,-38.40897,22,2,B,DCld 349.9-01.8
HMST 350.2-03.7,263.85391,-39.22358,12,9,A,DCld 350.2-03.7
HMST 350.2-04.8,265.12944,-39.73409,20,1,B,DCld 350.2-04.8
HMST 350.3-03.5,263.7978,-38.98384,9,2,B,DCld 350.3-03.5
HMST 350.4+04.4,255.75006,-34.41715,14,14,A,DCld 350.4+04.4
HMST 350.4+01.4,258.76075,-36.17128,12,6,B,DCld 350.4+01.4
HMST 350.5-04.3,264.76721,-39.2725,5,4,B,DCld 350.5-04.3
HMST 350.6+02.6,257.72865,-35.29283,45,35,B,DCld 350.6+02.6
HMST 350.9-04.0,264.77187,-38.81413,4,1,C,DCld 350.9-04.0
HMST 350.9-01.4,261.99273,-37.38417,14,3,B,DCld 350.9-01.4
HMST 351.0+03.9,256.66621,-34.23117,4,3,A,DCld 351.0+03.9
HMST 351.0-03.7,264.49471,-38.55547,6,2,B,DCld 351.0-03.7
HMST 351.2+05.2,255.58383,-33.27625,2,2,A,DCld 351.2+05.2
HMST 351.2+00.0,260.69624,-36.28704,28,5,B,DCld 351.2+00.0
HMST 351.2+05.1,255.68389,-33.27411,7,4,A,DCld 351.2+05.1
HMST 351.3+04.3,256.51692,-33.7452,12,12,B,DCld 351.3+04.3
HMST 351.3-03.4,264.36168,-38.0711,12,2,A,DCld 351.3-03.4
HMST 351.5+04.4,256.52361,-33.50183,14,7,B,DCld 351.5+04.4
HMST 351.6-01.0,262.04938,-36.60389,5,2,B,DCld 351.6-01.0
HMST 351.6-00.6,261.58879,-36.33443,6,5,B,DCld 351.6-00.6
HMST 351.6-03.7,264.90308,-38.00848,12,6,B,DCld 351.6-03.7
HMST 351.7+00.5,260.52034,-35.60787,12,5,A,DCld 351.7+00.5
HMST 351.8+01.6,259.5319,-34.98258,35,8,A,DCld 351.8+01.6
HMST 351.8+02.8,258.37184,-34.25643,2,1,A,DCld 351.8+02.8
HMST 351.8+02.9,258.21263,-34.14718,14,14,B,DCld 351.8+02.9
HMST 351.8-03.6,264.87199,-37.76196,6,2,B,DCld 351.8-03.6
HMST 351.9+02.3,258.91975,-34.50049,22,3,A,DCld 351.9+02.3
HMST 352.0+01.8,259.4254,-34.66308,28,12,A,DCld 352.0+01.8
HMST 352.2+03.1,258.33513,-33.77159,22,12,B,DCld 352.2+03.1
HMST 352.2-04.7,266.34079,-37.97319,50,22,B,DCld 352.2-04.7
HMST 352.5+00.9,260.75202,-34.77508,12,8,A,DCld 352.5+00.9
HMST 352.5+01.2,260.44623,-34.57154,22,7,A,DCld 352.5+01.2
HMST 352.5+03.3,258.33205,-33.3216,22,5,B,DCld 352.5+03.3
HMST 352.6+02.1,259.61699,-34.03883,40,3,B,DCld 352.6+02.1
HMST 352.7+02.3,259.46516,-33.78788,35,6,B,DCld 352.7+02.3
HMST 352.8+05.0,256.86055,-32.13188,16,6,A,DCld 352.8+05.0
HMST 352.8+01.2,260.63185,-34.28898,14,3,A,DCld 352.8+01.2
HMST 352.9+05.0,257.0101,-32.04784,2.5,2,A,DCld 352.9+05.0
HMST 352.9+03.3,258.6512,-33.04174,28,16,B,DCld 352.9+03.3
HMST 352.9+04.8,257.18983,-32.11366,6,3,A,DCld 352.9+04.8
HMST 353.0+01.4,260.58428,-34.0442,14,4,A,DCld 353.0+01.4
HMST 353.0-04.2,266.33352,-37.02987,8,7,B,DCld 353.0-04.2
HMST 353.1+02.3,259.8047,-33.44792,4,2,A,DCld 353.1+02.3
HMST 353.3+02.4,259.73258,-33.2666,2.5,2.5,A,DCld 353.3+02.4
HMST 353.3+01.9,260.23463,-33.52253,4,2,A,DCld 353.3+01.9
HMST 353.3+03.6,258.59784,-32.54699,22,5,B,DCld 353.3+03.6
HMST 353.3+00.4,261.79531,-34.33507,5,1,B,DCld 353.3+00.4
HMST 353.5+03.5,258.8763,-32.41566,3,1.5,A,DCld 353.5+03.5
HMST 353.6-02.7,265.16588,-35.83384,20,5,B,DCld 353.6-02.7
HMST 353.7+03.7,258.79546,-32.17104,20,4,A,DCld 353.7+03.7
HMST 353.8-05.9,268.68551,-37.2268,3,1,B,DCld 353.8-05.9
HMST 354.0-03.7,266.4719,-36.03085,16,14,B,DCld 354.0-03.7
HMST 354.0-03.4,266.07862,-35.82775,5,2,B,DCld 354.0-03.4
HMST 354.0+03.5,259.19501,-32.06581,3,2,A,DCld 354.0+03.5
HMST 354.1+02.9,259.80086,-32.26459,16,14,A,DCld 354.1+02.9
HMST 354.2+03.2,259.61617,-32.07713,14,5,A,DCld 354.2+03.2
HMST 354.3-06.6,269.83519,-37.17121,12,4,C,DCld 354.3-06.6
HMST 354.4-01.8,264.74028,-34.62088,26,7,A,DCld 354.4-01.8
HMST 354.5-02.6,265.64713,-34.95483,7,4,B,DCld 354.5-02.6
HMST 354.8-02.7,265.89622,-34.81695,45,16,B,DCld 354.8-02.7
HMST 354.8-05.7,269.04541,-36.3267,40,22,C,DCld 354.8-05.7
HMST 354.9-00.6,263.79485,-33.54376,4,3,A,DCld 354.9-00.6
HMST 355.1-04.8,268.33171,-35.61515,40,4,C,DCld 355.1-04.8
HMST 355.1-00.5,263.86026,-33.36011,5,3,A,DCld 355.1-00.5
HMST 355.2-00.7,264.12325,-33.4155,8,5,A,DCld 355.2-00.7
HMST 355.6-04.8,268.60749,-35.14714,28,22,B,DCld 355.6-04.8
HMST 355.7-02.1,265.90919,-33.70854,45,7,B,DCld 355.7-02.1
HMST 356.0-02.8,266.74315,-33.76783,55,8,A,DCld 356.0-02.8
HMST 356.1-01.6,265.60911,-33.10831,45,8,B,DCld 356.1-01.6
HMST 356.3-04.0,268.19218,-34.18247,12,12,C,DCld 356.3-04.0
HMST 356.4-03.4,267.68107,-33.80161,40,8,A,DCld 356.4-03.4
HMST 356.5-04.5,268.80115,-34.26118,4,1,A,DCld 356.5-04.5
HMST 356.5-04.4,268.77577,-34.20797,22,2,C,DCld 356.5-04.4
HMST 356.6-02.9,267.27408,-33.40858,12,7,B,DCld 356.6-02.9
HMST 356.7-02.7,267.08069,-33.16618,7,4,B,DCld 356.7-02.7
HMST 356.9-02.9,267.48015,-33.07591,5,5,B,DCld 356.9-02.9
HMST 357.0-05.6,270.24765,-34.34082,3,1,B,DCld 357.0-05.6
HMST 357.4-05.8,270.73336,-34.08845,14,4,C,DCld 357.4-05.8
HMST 357.7-04.7,269.81962,-33.32121,16,8,B,DCld 357.7-04.7
HMST 357.9-03.6,268.77718,-32.61793,5,3,A,DCld 357.9-03.6
HMST 358.0-04.8,270.03045,-33.08019,8,5,A,DCld 358.0-04.8
HMST 358.0-05.0,270.27292,-33.19401,90,65,B,DCld 358.0-05.0
HMST 358.1-05.2,270.46464,-33.20141,16,4,A,DCld 358.1-05.2
HMST 358.2-04.9,270.32137,-32.97044,5,1.5,A,DCld 358.2-04.9
HMST 358.3-04.8,270.29123,-32.82891,5,3,A,DCld 358.3-04.8
HMST 358.4-05.3,270.81337,-33.01805,3,1.5,A,DCld 358.4-05.3
HMST 358.6-04.8,270.47264,-32.54803,14,7,B,DCld 358.6-04.8
HMST 358.9-05.3,271.081,-32.5534,28,12,B,DCld 358.9-05.3
HMST 359.1-05.8,271.74001,-32.6552,28,16,C,DCld 359.1-05.8
HMST 359.4-19.6,287.34553,-38.06729,28,7,C,DCld 359.4-19.6
HMST 359.4-20.2,288.00449,-38.24923,20,5,B,DCld 359.4-20.2
HMST 359.5-20.4,288.34543,-38.20432,22,7,B,DCld 359.5-20.4
HMST 359.6-06.3,272.56344,-32.43453,2,2,B,DCld 359.6-06.3
HMST 359.6-18.0,285.49568,-37.27759,9,6,A,DCld 359.6-18.0
HMST 359.6-18.4,285.98368,-37.40864,12,6,A,DCld 359.6-18.4
HMST 359.7-20.3,288.22335,-38.01988,12,4,C,DCld 359.7-20.3
HMST 359.7-18.2,285.77873,-37.27626,12,3,A,DCld 359.7-18.2
HMST 359.8-17.6,285.09793,-36.96945,35,12,A,DCld 359.8-17.6
HMST 359.8-17.9,285.5482,-37.06234,110,28,A,DCld 359.8-17.9
HMST 359.9-17.9,285.46435,-36.98107,4,4,A,DCld 359.9-17.9
HMST 359.9-06.6,272.99959,-32.24408,28,2,C,DCld 359.9-06.6
