alpha,delta,GName,diameter,id
266.46375,-28.852222,000.1+00.0,5.9,PBD 1
266.620833,-28.818611,000.2-00.1,10.7,PBD 2
266.523333,-28.766667,000.2-00.0,9.2,PBD 3
267.070833,-28.940278,000.3-00.5,2.7,PBD 4
267.42375,-29.009167,000.4-00.8,7,PBD 5
267.129583,-28.854722,000.4-00.5,3.9,PBD 6
267.384167,-28.871944,000.5-00.7,2.3,PBD 7
266.798333,-28.562222,000.5-00.1,3.3,PBD 8
266.700833,-28.510278,000.5+00.0,4.8,PBD 9
267.63875,-28.888611,000.6-00.9,2.4,PBD 10
267.345,-28.734722,000.6-00.6,3.3,PBD 11
267.247083,-28.683333,000.6-00.5,4.8,PBD 12
267.149583,-28.631667,000.6-00.4,3.3,PBD 13
266.76,-28.425,000.6-00.0,9.9,PBD 14
266.91625,-28.391111,000.7-00.1,3.4,PBD 15
266.81875,-28.339444,000.7-00.0,3.2,PBD 16
266.780417,-28.201944,000.8+00.1,4.6,PBD 17
266.68375,-28.150278,000.8+00.2,1.8,PBD 18
267.150417,-28.048611,001.1-00.1,3.4,PBD 19
267.073333,-27.774167,001.3+00.1,3.3,PBD 20
267.55625,-26.865278,002.3+00.2,3.9,PBD 21
266.4075,-26.245,002.3+01.4,7,PBD 22
261.933333,-23.6775,002.3+06.2,1.1,PBD 23
267.9025,-26.932778,002.4-00.1,2.7,PBD 24
267.80625,-26.881667,002.4-00.0,14.9,PBD 25
266.465833,-26.159722,002.4+01.4,7.9,PBD 26
267.824583,-26.658611,002.6+00.1,2.6,PBD 27
268.091667,-26.451667,002.9-00.0,6,PBD 28
268.414583,-26.158056,003.3-00.1,6.9,PBD 29
268.318333,-26.107222,003.3+00.0,3.6,PBD 30
265.477083,-24.556389,003.3+03.0,0.6,PBD 31
268.58375,-25.899444,003.6-00.1,0.7,PBD 32
268.64,-25.813056,003.7-00.1,2.7,PBD 33
267.970833,-25.457778,003.7+00.6,0.6,PBD 34
266.175417,-24.477778,003.7+02.5,6.1,PBD 35
268.600417,-25.676389,003.8-00.0,18.4,PBD 36
266.42,-24.496389,003.8+02.3,4,PBD 37
268.65625,-25.59,003.9+00.0,1.8,PBD 38
269.070833,-25.345556,004.3-00.2,3.4,PBD 39
268.84,-25.108056,004.4+00.1,4.1,PBD 40
269.086667,-25.122222,004.5-00.1,5,PBD 41
262.6775,-21.5175,004.5+06.8,4.7,PBD 42
269.142083,-25.035833,004.6-00.1,4.7,PBD 43
267.7375,-24.0525,004.8+01.5,0.6,PBD 44
267.793333,-23.966667,004.9+01.5,12.4,PBD 45
269.172917,-24.589444,005.0+00.1,6.7,PBD 46
269.077917,-24.539167,005.0+00.2,9.1,PBD 47
268.982917,-24.488889,005.0+00.3,17,PBD 48
268.0375,-23.9825,005.0+01.3,1.3,PBD 49
269.664167,-24.616667,005.2-00.3,1.8,PBD 50
271.349583,-25.369167,005.3-02.0,0.6,PBD 51
270.483333,-24.927222,005.3-01.1,9.2,PBD 52
270.3875,-24.877778,005.3-01.0,14.3,PBD 53
269.62375,-24.48,005.3-00.2,1.6,PBD 54
269.338333,-24.33,005.3+00.1,16.2,PBD 55
268.3925,-23.825833,005.3+01.1,14.8,PBD 56
269.393333,-24.243333,005.4+00.1,9.2,PBD 57
269.298333,-24.193333,005.4+00.2,2.8,PBD 58
269.828333,-24.356667,005.5-00.3,6.6,PBD 59
269.733333,-24.306667,005.5-00.2,4.1,PBD 60
271.8975,-25.301944,005.6-02.4,2,PBD 61
271.42625,-24.835556,005.8-01.8,9.8,PBD 62
271.287917,-24.650556,005.9-01.6,1.1,PBD 63
270.904583,-24.454444,005.9-01.2,0.7,PBD 64
270.141667,-24.059444,005.9-00.4,6,PBD 65
271.054167,-24.416389,006.0-01.3,8.9,PBD 66
270.958333,-24.367222,006.0-01.2,8.5,PBD 67
269.721667,-23.723889,006.0+00.1,7.1,PBD 68
270.440417,-23.984722,006.1-00.6,3.3,PBD 69
269.965417,-23.736667,006.1-00.1,5.9,PBD 70
271.06625,-24.193056,006.2-01.2,1.5,PBD 71
270.494167,-23.897778,006.2-00.6,2.3,PBD 72
268.794167,-22.998889,006.2+01.2,19.3,PBD 73
268.10125,-22.507778,006.3+02.0,7.3,PBD 74
270.507083,-23.674444,006.4-00.5,6.5,PBD 75
269.939167,-23.376944,006.4+00.1,6.5,PBD 76
269.844583,-23.327222,006.4+00.2,0.7,PBD 77
271.417917,-24.029444,006.5-01.4,2.8,PBD 78
270.182083,-23.389444,006.5-00.1,1,PBD 79
269.993333,-23.290278,006.5+00.1,7.5,PBD 80
270.425417,-23.401667,006.6-00.3,6.7,PBD 81
270.23625,-23.302778,006.6-00.1,2.2,PBD 82
270.047083,-23.203333,006.6+00.1,11.8,PBD 83
272.386667,-24.291667,006.7-02.3,1.7,PBD 84
271.429583,-23.806111,006.7-01.3,7.1,PBD 85
270.384583,-23.265278,006.7-00.2,6.3,PBD 86
271.67375,-23.816389,006.8-01.5,5.3,PBD 87
270.912083,-23.425,006.8-00.7,0.4,PBD 88
272.300417,-24.020278,006.9-02.1,16.5,PBD 89
272.449167,-23.980833,007.0-02.2,17.1,PBD 90
271.399167,-23.446667,007.0-01.1,2.7,PBD 91
270.640417,-23.053889,007.0-00.3,5.2,PBD 92
270.545833,-23.004444,007.0-00.2,5.6,PBD 93
272.79,-24.037778,007.1-02.5,0.6,PBD 94
272.40625,-23.845278,007.1-02.1,4,PBD 95
270.27625,-22.632778,007.2+00.2,12,PBD 96
270.6125,-22.694444,007.3-00.1,6.5,PBD 97
272.564167,-23.5825,007.4-02.1,6.1,PBD 98
272.372917,-23.486111,007.4-01.9,6.7,PBD 99
269.914167,-22.211111,007.4+00.7,7.5,PBD 100
270.530833,-22.421667,007.5+00.1,0.8,PBD 101
269.967917,-22.124167,007.5+00.7,2.3,PBD 102
274.16125,-24.034722,007.7-03.6,2.3,PBD 103
270.825833,-22.346389,007.7-00.1,5.9,PBD 104
274.405833,-24.041111,007.8-03.8,3.2,PBD 105
271.35,-22.504444,007.8-00.6,3.9,PBD 106
274.264583,-23.858889,007.9-03.6,0.6,PBD 107
271.079167,-22.134167,008.0-00.2,4.8,PBD 108
270.756667,-21.850278,008.1+00.2,1.8,PBD 109
272.275,-22.408333,008.3-01.3,4.5,PBD 110
272.085833,-22.311389,008.3-01.1,0.6,PBD 111
271.14375,-21.823611,008.3-00.1,4.4,PBD 112
240.150833,-1.780278,008.3+36.1,12,PBD 113
271.384583,-21.834444,008.4-00.3,3.7,PBD 114
271.437083,-21.747222,008.5-00.3,33.1,PBD 115
271.343333,-21.698333,008.5-00.2,24.4,PBD 116
271.63625,-21.621667,008.7-00.4,0.8,PBD 117
271.5425,-21.572778,008.7-00.3,0.5,PBD 118
271.647083,-21.398056,008.9-00.3,1.3,PBD 119
240.9225,-1.736389,008.9+35.5,12.5,PBD 120
271.545833,-20.543333,009.6+00.2,1,PBD 121
272.62625,-20.989722,009.7-00.9,3,PBD 122
272.5325,-20.941389,009.7-00.8,6.8,PBD 123
271.8775,-20.602222,009.7-00.1,7,PBD 124
271.31875,-20.309444,009.7+00.5,7,PBD 125
272.771667,-20.950278,009.8-01.0,12.5,PBD 126
272.635833,-20.766389,009.9-00.8,5,PBD 127
272.687083,-20.678611,010.0-00.8,4.1,PBD 128
272.364583,-20.397778,010.1-00.4,3.7,PBD 129
271.34125,-19.8625,010.1+00.7,1.8,PBD 130
272.41625,-20.310278,010.2-00.4,3.7,PBD 131
272.322917,-20.261944,010.2-00.3,3.2,PBD 132
272.374583,-20.174444,010.3-00.3,3,PBD 133
272.28125,-20.126111,010.3-00.2,6.3,PBD 134
272.188333,-20.0775,010.3-00.1,2.5,PBD 135
272.002083,-19.980556,010.3+00.1,2.7,PBD 136
272.198333,-19.854167,010.5+00.0,1.8,PBD 137
272.622083,-19.960278,010.6-00.4,7.7,PBD 138
272.766667,-19.920833,010.7-00.5,4,PBD 139
272.30125,-19.679167,010.7+00.0,3.8,PBD 140
273.897083,-20.271944,010.9-01.6,5.8,PBD 141
272.31125,-19.455833,010.9+00.1,4.3,PBD 142
272.455417,-19.416667,011.0+00.0,1.9,PBD 143
241.535417,0.013333,011.1+36.0,6.1,PBD 144
273.58125,-19.77,011.2-01.1,9.7,PBD 145
272.929167,-19.434444,011.2-00.4,3.3,PBD 146
272.465,-19.193333,011.2+00.1,5.5,PBD 147
241.42375,0.3825,011.4+36.3,10,PBD 148
272.433333,-18.833889,011.5+00.3,0.4,PBD 149
274.394583,-19.615833,011.7-01.7,12.2,PBD 150
272.86375,-18.715833,011.8-00.0,7.3,PBD 151
273.470417,-18.916111,011.9-00.6,3.3,PBD 152
273.007083,-18.676389,011.9-00.1,14.5,PBD 153
272.914583,-18.628333,011.9-00.0,1.1,PBD 154
272.268333,-18.290278,011.9+00.7,1.8,PBD 155
272.17625,-18.241944,011.9+00.8,1.1,PBD 156
270.891667,-17.558889,011.9+02.2,0.4,PBD 157
273.150417,-18.636667,012.0-00.2,2.7,PBD 158
274.186667,-18.715,012.4-01.1,2,PBD 159
273.167917,-18.189722,012.4-00.0,2.3,PBD 160
272.79875,-17.9975,012.4+00.4,9.4,PBD 161
269.694167,-16.335556,012.4+03.8,1.7,PBD 162
273.50375,-18.022222,012.7-00.2,4.3,PBD 163
273.0425,-17.7825,012.7+00.3,3,PBD 164
273.554167,-17.934444,012.8-00.2,5.8,PBD 165
273.00125,-17.646944,012.8+00.4,10.5,PBD 166
273.696667,-17.894444,012.9-00.3,2.3,PBD 167
273.604167,-17.846667,012.9-00.2,3,PBD 168
273.6625,-17.535278,013.2-00.1,2.7,PBD 169
273.570417,-17.4875,013.2+00.0,2.1,PBD 170
273.478333,-17.439722,013.2+00.1,6.4,PBD 171
274.96375,-17.976389,013.4-01.4,7.5,PBD 172
273.57875,-17.264167,013.4+00.1,9.2,PBD 173
273.904583,-17.319444,013.5-00.2,1.6,PBD 174
273.820417,-17.048333,013.7-00.0,19,PBD 175
274.607083,-17.340556,013.8-00.8,11.4,PBD 176
274.012083,-16.92,013.9-00.1,2.1,PBD 177
273.92,-16.8725,013.9-00.0,3.3,PBD 178
273.736667,-16.776944,013.9+00.2,1.8,PBD 179
273.644583,-16.729444,013.9+00.3,3,PBD 180
274.061667,-16.832222,014.0-00.1,2.2,PBD 181
274.479167,-16.934167,014.1-00.5,3.9,PBD 182
274.203333,-16.791667,014.1-00.2,4.7,PBD 183
274.345,-16.751111,014.2-00.3,7.5,PBD 184
274.252917,-16.703611,014.2-00.2,20.3,PBD 185
274.16125,-16.656111,014.2-00.1,4.5,PBD 186
274.3025,-16.615833,014.3-00.2,6.5,PBD 187
274.027083,-16.473056,014.3+00.1,2.6,PBD 188
274.811667,-16.764444,014.4-00.7,3.8,PBD 189
274.719583,-16.717222,014.4-00.6,9.7,PBD 190
274.260417,-16.480278,014.4-00.1,4.3,PBD 191
274.769167,-16.629167,014.5-00.6,5.5,PBD 192
276.295,-17.291944,014.6-02.2,14.5,PBD 193
274.2675,-16.256667,014.6+00.0,12.6,PBD 194
274.175833,-16.209167,014.6+00.1,8.8,PBD 195
273.262083,-15.731944,014.6+01.1,0.4,PBD 196
274.775833,-16.405556,014.7-00.5,5.9,PBD 197
275.935417,-16.658333,015.0-01.6,18.9,PBD 198
275.107083,-16.235556,015.0-00.7,5.8,PBD 199
275.34,-16.241667,015.1-00.9,4.7,PBD 200
275.15625,-16.1475,015.1-00.7,6,PBD 201
271.516667,-14.2325,015.1+03.3,15.3,PBD 202
275.297083,-16.106389,015.2-00.8,3.9,PBD 203
275.113333,-16.011944,015.2-00.6,1.5,PBD 204
274.479167,-15.457778,015.4+00.2,6.2,PBD 205
273.121667,-14.519167,015.6+01.8,19.5,PBD 206
276.50875,-16.044444,015.8-01.8,7.7,PBD 207
277.39125,-16.15,016.1-02.6,19.8,PBD 208
275.285,-14.853333,016.3-00.2,12.4,PBD 209
275.6075,-14.906111,016.4-00.5,12.5,PBD 210
275.33375,-14.765278,016.4-00.2,2,PBD 211
275.522083,-14.635556,016.6-00.3,11,PBD 212
273.253333,-13.450278,016.6+02.2,17,PBD 213
277.590417,-15.348611,016.9-02.4,17.7,PBD 214
277.406667,-15.256111,016.9-02.2,49,PBD 215
276.397917,-14.745278,016.9-01.1,6.5,PBD 216
275.485417,-14.276944,016.9-00.1,0.3,PBD 217
274.667083,-13.8525,016.9+00.8,17.3,PBD 218
274.715833,-13.764444,017.0+00.8,15.9,PBD 219
274.625417,-13.716944,017.0+00.9,9.7,PBD 220
273.99125,-13.385,017.0+01.6,10.6,PBD 221
273.900833,-13.3375,017.0+01.7,11.3,PBD 222
275.5825,-14.100278,017.1-00.1,7.3,PBD 223
274.764583,-13.676111,017.1+00.8,5.1,PBD 224
275.721667,-14.058889,017.2-00.2,12.6,PBD 225
277.829167,-14.905556,017.4-02.4,15.6,PBD 226
275.273333,-13.600556,017.4+00.4,0.8,PBD 227
273.874167,-12.755,017.5+02.0,7.9,PBD 228
274.512917,-12.863889,017.7+01.4,4.2,PBD 229
276.24625,-13.310556,018.1-00.3,1,PBD 230
276.385417,-13.268889,018.2-00.4,2.9,PBD 231
276.294583,-13.222222,018.2-00.3,8.5,PBD 232
276.20375,-13.175556,018.2-00.2,3.7,PBD 233
274.304583,-12.186944,018.2+01.9,19.2,PBD 234
276.433333,-13.180556,018.3-00.4,0.7,PBD 235
276.3425,-13.133889,018.3-00.3,3.7,PBD 236
274.984167,-12.429722,018.3+01.2,10,PBD 237
274.352917,-12.098889,018.3+01.9,5.5,PBD 238
276.48125,-13.091944,018.4-00.4,0.7,PBD 239
276.16625,-12.816667,018.5-00.0,1.6,PBD 240
274.449583,-11.922778,018.5+01.9,25,PBD 241
274.359583,-11.875556,018.5+02.0,22.7,PBD 242
276.48625,-11.868333,018.6-00.3,5,PBD 243
274.497917,-11.834722,018.6+01.9,22.6,PBD 244
274.45625,-11.699444,018.7+02.0,19.6,PBD 245
274.684583,-11.705833,018.8+01.8,21,PBD 246
277.265,-12.928611,018.9-01.0,22.6,PBD 247
276.810833,-12.696111,018.9-00.5,6.8,PBD 248
276.72,-12.649722,018.9-00.4,12,PBD 249
276.949167,-12.654167,019.0-00.6,3.9,PBD 250
276.767917,-12.561111,019.0-00.4,5.5,PBD 251
276.677083,-12.514444,019.0-00.3,14.8,PBD 252
276.405417,-12.374722,019.0-00.0,3.3,PBD 253
276.725,-12.426111,019.1-00.3,6.7,PBD 254
274.6075,-11.211667,019.2+02.1,0.9,PBD 255
274.5175,-11.164444,019.2+02.2,10.9,PBD 256
276.55375,-11.885833,019.5+00.1,6.1,PBD 257
276.8725,-11.936944,019.6-00.2,7.6,PBD 258
276.782083,-11.890556,019.6-00.1,4.1,PBD 259
276.92,-11.848611,019.7-00.2,5.9,PBD 260
276.829583,-11.801944,019.7-00.1,3,PBD 261
277.42,-11.992222,019.8-00.7,13,PBD 262
279.696667,-12.918333,020.0-03.1,23.5,PBD 263
276.972083,-11.536389,020.0-00.1,8.3,PBD 264
277.019583,-11.447778,020.1-00.1,1.5,PBD 265
277.790417,-11.730278,020.2-00.9,10.9,PBD 266
277.837917,-11.641667,020.3-00.9,10.7,PBD 267
277.747083,-11.595278,020.3-00.8,10,PBD 268
279.7925,-12.517222,020.4-03.0,0.4,PBD 269
276.98125,-11.089444,020.4+00.1,12,PBD 270
276.938333,-10.954167,020.5+00.2,5,PBD 271
277.30375,-10.916667,020.7-00.1,7.2,PBD 272
277.715833,-10.789722,021.0-00.4,0.8,PBD 273
277.265,-10.558056,021.0+00.1,0.8,PBD 274
275.557917,-9.671667,021.0+02.0,1.8,PBD 275
277.762917,-10.701111,021.1-00.4,0.2,PBD 276
278.0375,-10.616111,021.3-00.6,0.4,PBD 277
276.465,-9.692222,021.4+01.2,1.3,PBD 278
277.685,-9.984167,021.7-00.0,7.3,PBD 279
278.139167,-9.991667,021.9-00.4,5.5,PBD 280
277.77875,-9.806944,021.9+00.0,18,PBD 281
278.056667,-9.498333,022.3-00.1,0.4,PBD 282
277.92375,-9.317222,022.4+00.1,4.5,PBD 283
278.65,-9.239167,022.8-00.5,2.2,PBD 284
278.47,-9.147222,022.8-00.3,21.9,PBD 285
278.516667,-9.058333,022.9-00.3,3.7,PBD 286
277.619167,-8.596389,022.9+00.7,6.2,PBD 287
278.653333,-9.015833,023.0-00.4,3.7,PBD 288
278.7,-8.926944,023.1-00.4,5.5,PBD 289
278.61,-8.880833,023.1-00.3,21,PBD 290
278.520417,-8.834722,023.1-00.2,4.9,PBD 291
277.892083,-8.511667,023.1+00.5,8,PBD 292
277.8025,-8.465278,023.1+00.6,3.8,PBD 293
278.165,-8.426667,023.3+00.3,3.8,PBD 294
278.66,-8.568611,023.4-00.2,7.9,PBD 295
278.527083,-8.387778,023.5-00.0,11.7,PBD 296
278.932917,-8.483056,023.6-00.4,5.4,PBD 297
278.484167,-8.252778,023.6+00.1,18.8,PBD 298
278.799583,-8.302222,023.7-00.2,2.4,PBD 299
278.44125,-8.118056,023.7+00.2,1.4,PBD 300
278.4875,-8.029167,023.8+00.2,2.2,PBD 301
278.802917,-8.078611,023.9-00.1,1.1,PBD 302
278.62375,-7.986667,023.9+00.1,3.4,PBD 303
278.534167,-7.940556,023.9+00.2,1.3,PBD 304
278.580833,-7.851667,024.0+00.2,0.8,PBD 305
278.895833,-7.901111,024.1-00.1,1.9,PBD 306
278.716667,-7.809167,024.1+00.1,1.9,PBD 307
278.9425,-7.812222,024.2-00.1,2.3,PBD 308
278.67375,-7.674167,024.2+00.2,3.3,PBD 309
279.078333,-7.769444,024.3-00.2,5.2,PBD 310
278.85625,-7.542778,024.4+00.1,2.8,PBD 311
279.17125,-7.591944,024.5-00.2,11.3,PBD 312
278.992083,-7.5,024.5-00.0,1.7,PBD 313
278.812917,-7.407778,024.5+00.2,11.4,PBD 314
278.544583,-7.269722,024.5+00.5,8.4,PBD 315
279.2175,-7.503056,024.6-00.2,6.6,PBD 316
278.590833,-7.181111,024.6+00.5,8.1,PBD 317
278.501667,-7.135,024.6+00.6,14,PBD 318
279.264167,-7.414167,024.7-00.2a,6.5,PBD 319
279.264167,-7.414167,024.7-00.2b,2.2,PBD 320
279.174583,-7.368333,024.7-00.1,14.1,PBD 321
279.041667,-7.1875,024.8+00.1,8.7,PBD 322
280.702083,-7.923333,024.9-01.7,7,PBD 323
279.227083,-7.832222,025.2+00.1,3.5,PBD 324
279.63125,-6.927222,025.3-00.3,3.5,PBD 325
279.094167,-6.651667,025.3+00.3,7,PBD 326
279.6775,-6.838333,025.4-00.3,2.9,PBD 327
279.587917,-6.7925,025.4-00.2,5,PBD 328
279.40875,-6.700556,025.4+00.0,1.4,PBD 329
279.27625,-6.52,025.5+00.2,0.8,PBD 330
279.5475,-6.434167,025.7+00.0,2.4,PBD 331
279.415,-6.253333,025.8+00.2,7.6,PBD 332
279.82125,-6.124444,026.1-00.1,7.7,PBD 333
279.732083,-6.078611,026.1-00.0,3.2,PBD 334
279.334583,-5.536667,026.4+00.6,4.3,PBD 335
278.264583,-4.984722,026.4+01.8,3,PBD 336
279.559167,-5.539722,026.5+00.4,5,PBD 337
280.230417,-5.771667,026.6-00.3,5.5,PBD 338
287.476667,8.278611,042.4-00.3,0.7,PBD 511
280.051667,-5.68,026.6-00.1,11,PBD 339
279.605417,-5.450833,026.6+00.4,2,PBD 340
280.235833,-5.324444,027.0-00.1,2.4,PBD 341
280.1925,-5.189722,027.1+00.0,5.6,PBD 342
280.462917,-5.103333,027.3-00.2,9.3,PBD 343
280.37375,-5.057778,027.3-00.1,8,PBD 344
280.195,-4.966111,027.3+00.1,1.4,PBD 345
280.105833,-4.920278,027.3+00.2,0.2,PBD 346
280.197917,-4.7425,027.5+00.2,5,PBD 347
280.022083,-4.4275,027.7+00.5,9,PBD 348
279.932917,-4.381667,027.7+00.6,21.5,PBD 349
280.605833,-4.389444,028.0-00.0,4.9,PBD 350
281.1,-4.305556,028.3-00.4,1.6,PBD 351
280.743333,-4.122778,028.3-00.0,3.2,PBD 352
280.789167,-4.033889,028.4-00.0,3.8,PBD 353
281.2375,-4.038611,028.6-00.4,1.1,PBD 354
280.97,-3.901667,028.6-00.1,6,PBD 355
280.880833,-3.855833,028.6+00.0,7,PBD 356
280.7025,-3.764444,028.6+00.2,3.2,PBD 357
280.926667,-3.766944,028.7+00.0,5.4,PBD 358
281.150833,-3.769444,028.8-00.2,2.3,PBD 359
280.794167,-3.586667,028.8+00.2,7,PBD 360
280.705,-3.540833,028.8+00.3,4.2,PBD 361
277.8575,-2.074167,028.8+03.5,5.5,PBD 362
277.903333,-1.985556,028.9+03.5,7.5,PBD 363
281.59875,-3.773889,029.0-00.6,2.4,PBD 364
281.73375,-3.730556,029.1-00.7,4.4,PBD 365
281.109583,-3.411111,029.1-00.0,4.5,PBD 366
280.753333,-3.228333,029.1+00.4,5,PBD 367
281.155417,-3.322222,029.2-00.0,4.3,PBD 368
281.157917,-3.098611,029.4+00.1,5,PBD 369
281.562083,-2.968611,029.7-00.2,1.8,PBD 370
279.471667,-1.7825,029.8+02.2,0.4,PBD 371
281.475417,-2.699444,029.9-00.0,4.4,PBD 372
281.745,-2.612778,030.1-00.2,1.6,PBD 373
280.320417,-1.881944,030.1+01.4,1.2,PBD 374
281.790833,-2.523611,030.2-00.2,7.4,PBD 375
281.701667,-2.478056,030.2-00.1,2.6,PBD 376
281.83625,-2.434722,030.3-00.2,7.8,PBD 377
281.658333,-2.343611,030.3-00.0,1.7,PBD 378
281.882083,-2.345833,030.4-00.2,7,PBD 379
282.105833,-2.348056,030.5-00.4,4.3,PBD 380
282.016667,-2.3025,030.5-00.3,4.3,PBD 381
281.749583,-2.165556,030.5+00.0,2,PBD 382
281.393333,-1.983056,030.5+00.4,5.4,PBD 383
281.884167,-2.122222,030.6-00.1,2.3,PBD 384
282.107917,-2.124444,030.7-00.3,2.2,PBD 385
281.840833,-1.9875,030.7-00.0,5,PBD 386
281.886667,-1.898611,030.8-00.0,4.6,PBD 387
281.843333,-1.763889,030.9+00.1,2,PBD 388
281.977917,-1.720556,031.0+00.0,13,PBD 389
281.532917,-1.4925,031.0+00.5,2.8,PBD 390
281.44375,-1.446944,031.0+00.6,2,PBD 391
282.023333,-1.631667,031.1+00.0,4,PBD 392
281.934583,-1.586111,031.1+00.1,2.6,PBD 393
281.75625,-1.494722,031.1+00.3,2,PBD 394
282.158333,-1.588333,031.2-00.1a,4,PBD 395
282.158333,-1.588333,031.2-00.1b,4,PBD 396
282.025833,-1.408056,031.3+00.1,3,PBD 397
282.4275,-1.501389,031.4-00.3,2.5,PBD 398
282.338333,-1.455833,031.4-00.2,0.9,PBD 399
281.893333,-1.227778,031.4+00.3,0.3,PBD 400
282.785833,-1.460278,031.6-00.6,2.8,PBD 401
282.1625,-1.141111,031.6+00.1,1.1,PBD 402
281.007917,0.324444,031.8+01.5,5.2,PBD 403
281.231667,0.326667,031.9+01.3,11.8,PBD 404
280.964583,0.189722,031.9+01.6,19.1,PBD 405
283.102917,-1.060833,032.1-00.7,0.7,PBD 406
282.746667,0.878611,032.1-00.3,14,PBD 407
282.43625,0.606944,032.2+00.1,0.4,PBD 408
282.842083,0.253333,032.7-00.1,12.4,PBD 409
282.620833,0.0275,032.8+00.2,2.5,PBD 410
282.844583,0.029722,032.9+00.0,7.1,PBD 411
282.310417,0.243611,032.9+00.6,0.3,PBD 412
283.024583,0.1025,033.1-00.1,7,PBD 413
282.98125,0.236944,033.2-00.0,3,PBD 414
283.0725,0.415,033.4-00.0,2.4,PBD 415
283.209167,0.681944,033.7+00.0,6.2,PBD 416
283.211667,0.905556,033.9+00.1,3.8,PBD 417
282.946667,1.266111,034.1+00.5,0.9,PBD 418
283.39375,1.261667,034.3+00.1,1.7,PBD 419
283.305,1.307222,034.3+00.2,3.5,PBD 420
284.553333,0.892222,034.5-01.1,8.1,PBD 421
284.59875,0.981111,034.6-01.1,8,PBD 422
284.3775,1.206944,034.7-00.8,1.2,PBD 423
284.199583,1.298333,034.7-00.6,11.9,PBD 424
284.110417,1.343889,034.7-00.5,3.5,PBD 425
284.334167,1.341667,034.8-00.7,2.3,PBD 426
283.978333,1.524167,034.8-00.3,1.6,PBD 427
283.756667,1.75,034.9-00.0,4.4,PBD 428
284.2475,1.610833,035.0-00.5,1.1,PBD 429
285.182917,1.243056,035.1-01.5,6.2,PBD 430
285.495833,1.195,035.2-01.8,1.3,PBD 431
285.406667,1.240556,035.2-01.7,1.4,PBD 432
284.961667,1.469167,035.2-01.2,3,PBD 433
282.91375,2.518611,035.2+01.1,3.3,PBD 434
285.54125,1.283889,035.3-01.8,4.4,PBD 435
283.226667,2.470833,035.3+00.8,17.3,PBD 436
285.587083,1.372778,035.4-01.8,1.1,PBD 437
284.742917,1.918611,035.5-00.8,14.3,PBD 438
284.521667,2.144722,035.6-00.5,6.2,PBD 439
284.07625,2.372778,035.6-00.0,9,PBD 440
283.987083,2.418611,035.6+00.1,2.2,PBD 441
284.122083,2.461944,035.7-00.0,4.8,PBD 442
284.0375,2.954722,036.1+00.3,0.4,PBD 443
285.909583,2.218611,036.3-01.7,8.2,PBD 444
285.820833,2.264167,036.3-01.6,1.9,PBD 445
283.7725,3.315,036.3+00.7,3.7,PBD 446
286.044583,2.261667,036.4-01.8,3.6,PBD 447
285.866667,2.353056,036.4-01.6,17.2,PBD 448
284.665833,3.082222,036.5-00.2,3.7,PBD 449
284.576667,3.128056,036.5-00.1,0.4,PBD 450
284.803333,3.349167,036.8-00.2,1.2,PBD 451
284.225,3.757778,036.9+00.5,4.3,PBD 452
284.894583,3.526944,037.0-00.2,14,PBD 453
285.164583,3.613333,037.2-00.4,0.4,PBD 454
284.31875,4.159167,037.3+00.6,1.3,PBD 455
285.077917,3.882778,037.4-00.2,1.3,PBD 456
284.98875,3.928333,037.4-00.1,5.4,PBD 457
284.899583,3.974167,037.4-00.0,5.4,PBD 458
285.034583,4.0175,037.5-00.1,8,PBD 459
284.1425,4.474167,037.5+00.9,14.8,PBD 460
285.080417,4.106389,037.6-00.1,4.8,PBD 461
283.6525,4.836667,037.6+01.5,0.4,PBD 462
285.12625,4.195278,037.7-00.1,1.2,PBD 463
284.947917,4.286667,037.7+00.1,6,PBD 464
242.739583,21.889722,037.7+44.6,17.9,PBD 465
285.350417,4.192778,037.8-00.3,9.2,PBD 466
285.26125,4.238333,037.8-00.2,1.7,PBD 467
285.485417,4.235833,037.9-00.4,2.6,PBD 468
285.39625,4.281667,037.9-00.3,2.1,PBD 469
285.31,4.550833,038.1-00.1,15.4,PBD 470
285.220833,4.596667,038.1-00.0,0.9,PBD 471
283.927083,5.370556,038.2+01.5,6,PBD 472
285.401667,4.728889,038.3-00.1,2.7,PBD 473
285.3125,4.774444,038.3+00.0,0.4,PBD 474
284.912083,5.092222,038.4+00.5,1.3,PBD 475
284.197083,5.457222,038.4+01.3,10,PBD 476
285.861667,5.617778,039.3-00.1,2.2,PBD 477
285.772083,5.663611,039.3-00.0,2,PBD 478
287.335,4.971389,039.4-01.7,5,PBD 479
285.4175,6.070278,039.5+00.5,12.4,PBD 480
288.050833,4.826111,039.6-02.4,30,PBD 481
287.516667,5.102778,039.6-01.8,58.1,PBD 482
285.999583,5.884444,039.6-00.1,0.4,PBD 483
285.374167,6.205,039.6+00.6,1.1,PBD 484
288.007917,4.960833,039.7-02.3,0.4,PBD 485
287.744583,5.322778,039.9-01.9,7.1,PBD 486
287.29875,5.553333,039.9-01.4,14.7,PBD 487
287.209583,5.599444,039.9-01.3,5.9,PBD 488
287.120417,5.645278,039.9-01.2,2,PBD 489
286.2275,6.105,039.9-00.2,0.4,PBD 490
286.138333,6.150833,039.9-00.1,5,PBD 491
285.512083,6.471667,039.9+00.6,1.2,PBD 492
288.947917,4.810556,040.0-03.2,23,PBD 493
287.255833,5.688056,040.0-01.3,18.9,PBD 494
285.023333,7.058611,040.2+01.3,5.7,PBD 495
284.084167,7.8725,040.5+02.5,3.5,PBD 496
286.819167,6.588889,040.6-00.5,12.2,PBD 497
287.0475,6.809167,040.9-00.6,4.2,PBD 498
286.7825,7.170833,041.1-00.2,3.7,PBD 499
286.291667,7.535278,041.2+00.4,2.4,PBD 500
286.384167,7.713056,041.4+00.4,14.3,PBD 501
286.87875,7.571944,041.5-00.1,1.3,PBD 502
286.789167,7.618056,041.5+00.0,2.7,PBD 503
286.699583,7.663889,041.5+00.1,0.9,PBD 504
286.430833,7.801944,041.5+00.4,1.8,PBD 505
289.425833,6.365,041.6-02.9,0.4,PBD 506
287.064583,7.927222,041.9-00.1,0.9,PBD 507
287.11125,8.015833,042.0-00.1,21.2,PBD 508
287.605417,7.873889,042.1-00.6,1.7,PBD 509
287.114583,8.239444,042.2-00.0,0.5,PBD 510
287.43375,8.413333,042.5-00.2,15.1,PBD 512
287.390417,8.548333,042.6-00.1,5.3,PBD 513
286.901667,9.136944,042.9+00.6,0.4,PBD 514
288.03,8.895556,043.2-00.5,0.7,PBD 515
287.760833,9.034167,043.2-00.2,12,PBD 516
287.670833,9.080556,043.2-00.1,2,PBD 517
287.58125,9.126667,043.2+00.0,2,PBD 518
287.178333,9.446111,043.3+00.5,3,PBD 519
287.225,9.534722,043.4+00.5,0.9,PBD 520
287.995,9.4775,043.7-00.2,0.4,PBD 521
287.772083,9.705,043.8+00.1,0.4,PBD 522
287.502083,9.843611,043.8+00.4,1.7,PBD 523
288.627917,9.376667,043.9-00.8,1.6,PBD 524
288.538333,9.423056,043.9-00.7,0.4,PBD 525
287.055,10.297778,044.0+01.0,0.4,PBD 526
286.694167,10.481667,044.0+01.4,0.4,PBD 527
287.822917,10.017222,044.1+00.2,40,PBD 528
287.96,10.059722,044.2+00.1,0.9,PBD 529
288.457083,9.916389,044.3-00.4,0.4,PBD 530
288.007083,10.148333,044.3+00.1,2.5,PBD 531
288.414167,10.051389,044.4-00.3,0.4,PBD 532
287.69375,10.421944,044.4+00.5,0.4,PBD 533
287.830833,10.464444,044.5+00.4,0.4,PBD 534
285.93125,11.429722,044.5+02.5,0.4,PBD 535
288.782917,10.312778,044.8-00.5,7.9,PBD 536
288.9675,10.443333,045.0-00.6,0.4,PBD 537
288.384167,10.857222,045.1+00.1,1,PBD 538
289.247083,10.750556,045.4-00.7,1.8,PBD 539
288.525833,11.123056,045.4+00.1,6.2,PBD 540
288.573333,11.211389,045.5+00.1,1.1,PBD 541
287.535,11.855556,045.6+01.3,0.4,PBD 542
289.076667,11.290833,045.8-00.3,1.1,PBD 543
288.99125,11.561111,046.0-00.1,0.4,PBD 544
292.2725,9.955,046.1-03.7,0.4,PBD 545
289.319583,11.956667,046.5-00.2,3.1,PBD 546
288.9625,12.366944,046.7+00.3,0.4,PBD 547
289.057917,12.543889,046.9+00.3,21.5,PBD 548
290.1475,13.905833,048.6+00.0,3.9,PBD 549
289.965417,13.999722,048.6+00.2,2.7,PBD 550
290.565417,14.029444,048.9-00.3,4.1,PBD 551
290.886667,13.976111,049.0-00.6,16.7,PBD 552
290.795833,14.023333,049.0-00.5,8.2,PBD 553
290.614167,14.117778,049.0-00.3,5,PBD 554
291.02625,14.016944,049.1-00.7,7,PBD 555
290.75375,14.158611,049.1-00.4,4,PBD 556
290.662917,14.205833,049.1-00.3,3.3,PBD 557
290.711667,14.294167,049.2-00.3,1.7,PBD 558
290.76,14.382222,049.3-00.3,11,PBD 559
293.252917,13.182778,049.4-03.0,0.4,PBD 560
290.990833,14.375833,049.4-00.5,2.2,PBD 561
290.80875,14.470278,049.4-00.3,1.8,PBD 562
290.717917,14.5175,049.4-00.2,4.1,PBD 563
290.94875,14.511111,049.5-00.4,1.6,PBD 564
290.310833,14.841389,049.5+00.3,17.5,PBD 565
291.08875,14.551944,049.6-00.5,2.6,PBD 566
290.9975,14.599444,049.6-00.4,2.5,PBD 567
290.864167,14.781944,049.7-00.2,1.7,PBD 568
290.365417,15.153056,049.8+00.4,2,PBD 569
290.92,15.093611,050.0-00.1,4.4,PBD 570
290.82875,15.140833,050.0-00.0,0.9,PBD 571
291.515833,14.897222,050.1-00.7,3.9,PBD 572
290.652083,15.458889,050.2+00.3,3.3,PBD 573
290.335,15.735556,050.3+00.7,0.9,PBD 574
293.374583,15.056389,051.1-02.2,0.4,PBD 575
291.18625,16.204722,051.1+00.2,7,PBD 576
292.150417,15.816667,051.2-00.8,2.8,PBD 577
291.510417,16.150278,051.2-00.1,21.6,PBD 578
291.327083,16.245278,051.2+00.1,16.9,PBD 579
291.517917,16.373889,051.4-00.0,2.8,PBD 580
291.892083,16.406944,051.6-00.3,0.4,PBD 581
300.463333,11.801944,051.7-09.8,7.2,PBD 582
291.164583,17.010556,051.8+00.6,16.9,PBD 583
291.26375,17.186667,052.0+00.6,7.4,PBD 584
290.944167,17.464167,052.1+01.0,0.6,PBD 585
292.46625,16.790278,052.2-00.6,14,PBD 586
292.374583,16.838333,052.2-00.5,7.3,PBD 587
291.270833,17.410278,052.2+00.7,2.4,PBD 588
301.752917,11.966111,052.5-10.8,7.3,PBD 589
291.939167,17.747778,052.8+00.3,0.8,PBD 590
293.917083,16.823889,052.9-01.8,0.4,PBD 591
292.817917,17.404167,052.9-00.6,9.4,PBD 592
292.2325,18.051389,053.2+00.2,1.6,PBD 593
289.58625,19.731389,053.5+03.2,0.4,PBD 594
292.61875,18.306389,053.6+00.0,2.7,PBD 595
292.434167,18.4025,053.6+00.2,2.7,PBD 596
292.965,18.696667,054.1-00.1,2.4,PBD 597
292.8725,18.745,054.1-00.0,5,PBD 598
292.501667,18.937222,054.1+00.4,0.4,PBD 599
293.1275,19.183056,054.6-00.0,20.9,PBD 600
291.137917,20.768333,055.1+02.4,3.2,PBD 601
293.620833,19.611111,055.2-00.2,0.4,PBD 602
292.988333,20.396667,055.6+00.7,17,PBD 603
297.243333,18.351944,055.8-03.8,3.7,PBD 604
294.915,21.568889,057.5-00.3,3.9,PBD 605
294.967917,21.655833,057.6-00.3,0.9,PBD 606
295.892917,23.355833,059.5-00.2,7.8,PBD 607
294.67125,24.221944,059.7+01.2,10,PBD 608
295.677083,23.815,059.8+00.2,1.2,PBD 609
296.659583,24.567778,060.9-00.2,3.6,PBD 610
296.564583,24.618056,060.9-00.1,3.9,PBD 611
294.894583,25.599444,061.0+01.7,0.4,PBD 612
296.706667,25.237222,061.5+00.1,1.1,PBD 613
296.050833,25.811111,061.7+00.9,14.9,PBD 614
298.16625,25.504444,062.4-00.9,9,PBD 615
297.49375,26.445,062.9+00.1a,2.7,PBD 616
297.49375,26.445,062.9+00.1b,3.1,PBD 617
297.550417,26.531111,063.0+00.1,22,PBD 618
297.318333,26.769444,063.1+00.4,1.9,PBD 619
297.375,26.855833,063.2+00.4,2.6,PBD 620
297.278333,26.906389,063.2+00.5,3,PBD 621
298.720417,26.721944,063.7-00.7,0.4,PBD 622
296.94,27.778056,063.8+01.2,0.4,PBD 623
298.76,27.1675,064.1-00.5,4.1,PBD 624
296.621667,28.288889,064.1+01.7,20,PBD 625
298.818333,27.253056,064.2-00.5,1,PBD 626
291.92,31.456667,064.9+06.8,32.7,PBD 627
299.173333,28.349167,065.3-00.2,0.4,PBD 628
298.098333,29.5,065.8+01.2,13.5,PBD 629
298.98875,30.202222,066.8+00.9,3.9,PBD 630
301.262917,29.213056,067.0-01.3,2.5,PBD 631
299.777083,31.311389,068.1+00.9,3.9,PBD 632
299.6775,31.363889,068.1+01.0,22.1,PBD 633
299.73875,31.449167,068.2+01.0,22.9,PBD 634
300.571667,32.776389,069.7+01.1,7,PBD 635
300.292917,33.157778,069.9+01.5,1.4,PBD 636
300.191667,33.210278,069.9+01.6,10.9,PBD 637
300.09,33.263056,069.9+01.7,10,PBD 638
300.279167,33.518056,070.2+01.7,2.3,PBD 639
300.444167,33.55,070.3+01.6,2.7,PBD 640
301.10625,33.676111,070.7+01.2,7,PBD 641
302.7425,33.393889,071.2-00.1,6.7,PBD 642
300.0375,35.286389,071.6+02.8a,6.3,PBD 643
300.0375,35.286389,071.6+02.8b,3.4,PBD 644
304.274167,33.866944,072.3-00.9,13.5,PBD 645
303.840833,34.229167,072.4-00.4,0.4,PBD 646
303.571667,34.978056,072.9+00.2,16.7,PBD 647
302.682917,35.695278,073.1+01.2,14,PBD 648
303.364167,36.170278,073.8+01.0,17.8,PBD 649
303.95,36.697222,074.5+00.9,14.8,PBD 650
304.47,36.778056,074.8+00.6,4.3,PBD 651
304.36625,36.834167,074.8+00.7,9.5,PBD 652
303.987083,37.279444,075.0+01.2,7.9,PBD 653
306.12625,36.589444,075.4-00.6,2.6,PBD 654
305.922083,36.704167,075.4-00.4,4,PBD 655
303.07125,38.359444,075.5+02.4,4.1,PBD 656
305.489583,37.432778,075.8+00.3,3.5,PBD 657
305.385833,37.489722,075.8+00.4,3.3,PBD 658
306.397083,37.415833,076.2-00.3,3.8,PBD 659
306.850833,37.404722,076.4-00.6,2,PBD 660
304.4225,39.218611,076.8+02.0,20.5,PBD 661
304.532917,39.523056,077.1+02.1,27.5,PBD 662
304.712917,39.549444,077.2+02.0,24.7,PBD 663
310.703333,36.349167,077.4-03.7,3.9,PBD 664
305.434583,39.6525,077.6+01.6,20,PBD 665
305.15375,40.044167,077.8+02.0,16,PBD 666
307.422083,39.053611,078.0-00.0,12.5,PBD 667
306.793333,39.404167,078.0+00.6,3.3,PBD 668
306.86875,39.485556,078.1+00.6,7.9,PBD 669
305.591667,40.177222,078.1+01.8,8.8,PBD 670
307.989583,38.979167,078.2-00.4,11.5,PBD 671
305.666667,40.259167,078.2+01.8,21,PBD 672
303.47875,41.381111,078.2+03.8,20.5,PBD 673
306.170417,40.111667,078.3+01.4,5.7,PBD 674
306.06375,40.169167,078.3+01.5,6.2,PBD 675
305.417917,40.5125,078.3+02.1,18.7,PBD 676
304.98375,40.739167,078.3+02.5,10.3,PBD 677
304.655833,40.908056,078.3+02.8,4.8,PBD 678
305.058333,40.821667,078.4+02.5,22.9,PBD 679
304.84,40.934444,078.4+02.7,2.1,PBD 680
304.730417,40.990833,078.4+02.8,13.5,PBD 681
308.632917,39.982222,078.5-00.8,10.9,PBD 682
307.906667,39.398611,078.5-00.1,17.4,PBD 683
307.802083,39.457778,078.5-00.0,6,PBD 684
306.535,40.159444,078.5+01.2,24.9,PBD 685
302.800833,42.069444,078.5+04.6,18.4,PBD 686
307.036667,40.008333,078.6+00.8,6.9,PBD 687
306.824167,40.124722,078.6+01.0,13.4,PBD 688
303.995833,41.603333,078.6+03.6,16.3,PBD 689
308.58,39.262222,078.7-00.6,13.3,PBD 690
308.26875,39.440833,078.7-00.3,15,PBD 691
307.535833,39.855,078.7+00.4,14.5,PBD 692
307.112917,40.089444,078.7+00.8,21.9,PBD 693
307.006667,40.147778,078.7+00.9,5.3,PBD 694
307.58375,40.075556,078.9+00.5,10.9,PBD 695
304.107083,41.907778,078.9+03.7,37.5,PBD 696
306.701667,40.682778,079.0+01.4,14.7,PBD 697
305.509167,41.315278,079.0+02.5,26.5,PBD 698
304.293333,41.935,079.0+03.6,23.7,PBD 699
308.786667,39.6425,079.1-00.5,18.7,PBD 700
308.655833,39.842222,079.2-00.3,5.6,PBD 701
308.447083,39.961667,079.2-00.1,13,PBD 702
308.026667,40.199444,079.2+00.3,5,PBD 703
308.104167,40.28,079.3+00.3,13.7,PBD 704
307.039583,40.868333,079.3+01.3,8.5,PBD 705
309.332083,39.701389,079.4-00.8,15.5,PBD 706
305.923333,41.586111,079.4+02.4,25.3,PBD 707
305.040417,42.041111,079.4+03.2,13.9,PBD 708
303.57875,42.765833,079.4+04.5,10.5,PBD 709
302.6625,43.202222,079.4+05.3,8.7,PBD 710
310.539583,39.11,079.5-01.9,17.9,PBD 711
309.696667,39.739167,079.6-01.0,13.3,PBD 712
310.164167,39.715,079.8-01.3,20.5,PBD 713
308.706667,40.562222,079.8+00.1,2.1,PBD 714
307.535417,41.215,079.8+01.2,13.8,PBD 715
306.995417,41.507778,079.8+01.7,12.6,PBD 716
310.959583,39.363056,079.9-02.0,16.9,PBD 717
306.198333,42.0525,079.9+02.5,21,PBD 718
305.310417,42.509444,079.9+03.3,26.1,PBD 719
308.97,40.662222,080.0-00.0,4.1,PBD 720
308.12125,41.14,080.0+00.8,16,PBD 721
308.014167,41.199444,080.0+00.9,4.8,PBD 722
307.368333,41.553056,080.0+01.5,16.7,PBD 723
306.715,41.903056,080.0+02.1,16.9,PBD 724
309.154583,40.681944,080.1-00.1,20.4,PBD 725
307.446667,41.633889,080.1+01.5,16.2,PBD 726
308.279167,41.301111,080.2+00.8,2.9,PBD 727
306.099167,42.470278,080.2+02.8,20.5,PBD 728
308.465417,41.321667,080.3+00.7,3.1,PBD 729
308.358333,41.381389,080.3+00.8,15.4,PBD 730
304.942917,43.177778,080.3+03.9,21.4,PBD 731
304.029167,43.624167,080.3+04.7,21.6,PBD 732
308.864583,41.2225,080.4+00.4,19.3,PBD 733
308.758333,41.2825,080.4+00.5,11.9,PBD 734
308.195,41.720556,080.5+01.1,15,PBD 735
307.841667,42.038056,080.6+01.5,14.5,PBD 736
305.930833,43.165833,080.7+03.3,17.3,PBD 737
309.185417,41.541944,080.8+00.4,16.5,PBD 738
307.124167,42.669444,080.8+02.3,10.2,PBD 739
310.0075,41.196667,080.9-00.3,1.9,PBD 740
309.9025,41.2575,080.9-00.2,8.5,PBD 741
309.796667,41.318611,080.9-00.1,2.9,PBD 742
309.26625,41.621667,080.9+00.4,4,PBD 743
308.406667,42.101389,080.9+01.2,21,PBD 744
306.807083,43.204167,081.1+02.8,14,PBD 745
311.275,40.956944,081.3-01.2,16.4,PBD 746
308.8375,42.362222,081.3+01.1,6.1,PBD 747
308.729167,42.422222,081.3+01.2,10.7,PBD 748
308.810417,42.502222,081.4+01.2,17.1,PBD 749
306.934167,43.506111,081.4+02.9,12.3,PBD 750
305.915833,44.025,081.4+03.8,19.2,PBD 751
311.232083,41.237778,081.5-01.0,16,PBD 752
310.180417,41.854722,081.5-00.0,14.4,PBD 753
309.54,42.220278,081.5+00.6,23.5,PBD 754
308.12625,43,081.5+01.9,16.5,PBD 755
306.56375,43.819444,081.5+03.3,16.3,PBD 756
310.262917,41.933889,081.6+00.0,22.4,PBD 757
307.986667,43.198889,081.6+02.1,6.5,PBD 758
310.025833,42.196389,081.7+00.3,3.4,PBD 759
309.81125,42.318333,081.7+00.5,0.4,PBD 760
308.618333,42.981944,081.7+01.6,16.3,PBD 761
307.175417,43.749722,081.7+02.9,20,PBD 762
310.700417,42.187778,082.0-00.1,21.2,PBD 763
308.090417,43.639444,082.0+02.3,3.9,PBD 764
309.659583,43.159722,082.3+01.1,17.4,PBD 765
308.225,43.94,082.3+02.4,28,PBD 766
308.195417,44.079722,082.4+02.5,11.6,PBD 767
308.835833,43.861944,082.5+02.0,26,PBD 768
310.668333,42.968333,082.6+00.4,8.9,PBD 769
308.459167,45.679722,083.8+03.3,5.7,PBD 770
320.12875,38.539722,084.0-07.9,22.4,PBD 771
311.434583,44.314722,084.0+00.8,3.9,PBD 772
316.641667,42.136389,084.8-03.5,3.3,PBD 773
313.438333,44.174167,084.8-00.4,78.6,PBD 774
308.737917,46.779444,084.8+03.8,4.7,PBD 775
308.620417,46.838889,084.8+03.9,2.3,PBD 776
314.375833,43.732778,084.9-01.2,3.7,PBD 777
313.476667,44.673333,085.2-00.1,4,PBD 778
313.36875,44.7375,085.2+00.0,4.1,PBD 779
347.485,14.769444,089.4-41.4,10.3,PBD 780
316.304583,49.627778,090.2+01.7,2.1,PBD 781
315.843333,49.894444,090.2+02.1,3.3,PBD 782
318.143333,52.503889,093.1+02.8,2.9,PBD 783
328.372083,47.272222,094.4-05.5,3.9,PBD 784
324.680833,50.458333,094.6-01.5,6.7,PBD 785
324.180833,52.459167,095.7+00.2,4.1,PBD 786
322.180417,54.628889,096.3+02.6,3.5,PBD 787
322.479583,55.755278,097.2+03.3,9.2,PBD 788
322.99,55.887222,097.5+03.2,9.4,PBD 789
323.120417,55.955278,097.6+03.2,3.4,PBD 790
319.588333,60.001944,099.1+07.4,3.6,PBD 791
329.165833,58.103056,101.5+02.7,3.2,PBD 792
334.66125,56.179444,102.8-00.6,25.3,PBD 793
334.91,56.150556,102.9-00.7,6.3,PBD 794
321.417917,64.433333,102.9+09.9,21.1,PBD 795
335.158333,56.121389,103.0-00.8,5.5,PBD 796
333.127917,59.003333,103.7+02.2,4.1,PBD 797
335.542083,58.753333,104.6+01.3,15.8,PBD 798
335.437917,58.8375,104.6+01.4,5.3,PBD 799
329.580833,63.839167,105.2+07.1,3.5,PBD 800
319.777917,68.209444,105.2+13.0,4.8,PBD 801
338.084167,58.510278,105.6+00.4,0.3,PBD 802
337.159583,61.614444,106.8+03.3,0.9,PBD 803
334.84375,63.303889,106.8+05.3,5.3,PBD 804
341.866667,58.009167,107.1-01.0,15.8,PBD 805
342.035,58.055,107.2-01.0,7,PBD 806
342.117083,58.189444,107.3-00.9,2.5,PBD 807
342.354583,59.934444,108.2+00.6,3.7,PBD 808
337.14375,64.304722,108.2+05.6,2.7,PBD 809
343.910833,58.542778,108.3-01.0,3.5,PBD 810
345.758333,57.124167,108.6-02.7,29.7,PBD 811
344.780417,58.755278,108.8-01.0,3.9,PBD 812
344.699583,58.846111,108.8-00.9,0.2,PBD 813
346.892917,56.955833,109.1-03.1,10.2,PBD 814
344.739583,59.516389,109.1-00.3,2.3,PBD 815
343.36125,61.185556,109.2+01.5,6.8,PBD 816
346.312917,60.198889,110.1+00.0,3.6,PBD 817
346.2325,60.290833,110.1+00.1,0.5,PBD 818
344.356667,62.518889,110.2+02.5,6.7,PBD 819
348.445417,60.527778,111.2-00.1,6.3,PBD 820
349.072917,60.005278,111.3-00.7,0.9,PBD 821
348.33625,61.475,111.5+00.8,1.6,PBD 822
348.835,61.139444,111.6+00.4,0.9,PBD 823
348.45375,61.604722,111.6+00.9,2.1,PBD 824
346.35375,64.676111,111.9+04.1,1.3,PBD 825
350.144583,61.164167,112.2+00.2a,4.7,PBD 826
350.144583,61.164167,112.2+00.2b,5.2,PBD 827
353.470833,60.758611,113.6-00.7,11.1,PBD 828
352.78375,64.748889,114.5+03.2,8.9,PBD 829
353.972083,64.801667,115.0+03.1,6.6,PBD 830
353.904167,64.8975,115.0+03.2,3.7,PBD 831
358.27625,60.461389,115.8-01.6a,2.1,PBD 832
358.27625,60.461389,115.8-01.6b,2.8,PBD 833
0.33,64.651667,117.6+02.3,9.8,PBD 834
0.244583,67.397222,118.1+05.0,10.3,PBD 835
1.150833,67.158611,118.4+04.7,5.8,PBD 836
3.612917,61.253056,118.5-01.3,5.5,PBD 837
3.81875,61.267222,118.6-01.3,3.5,PBD 838
5.375,61.766389,119.4-00.9,21.5,PBD 839
5.35,61.865556,119.4-00.8,7.4,PBD 840
6.914167,64.754722,120.4+02.0,3,PBD 841
13.022083,65.871667,123.0+03.0,4.3,PBD 842
13.16,56.571389,123.1-06.3,7,PBD 843
13.340417,56.570833,123.2-06.3,7.7,PBD 844
13.505833,65.670556,123.2+02.8,39.6,PBD 845
17.210417,63.105278,124.9+00.3,3.2,PBD 846
20.730417,61.341389,126.7-01.3,7.1,PBD 847
22.506667,58.291667,128.0-04.2,7.7,PBD 848
22.56375,58.489444,128.0-04.0,6.1,PBD 849
32.117917,60.778333,132.2-00.7,3.4,PBD 850
36.375,62.089444,133.7+01.2,2.5,PBD 851
36.728333,62.240556,133.8+01.4,4.6,PBD 852
41.834167,61.972222,136.1+02.1,3,PBD 853
42.784167,62.200556,136.4+02.5,7.1,PBD 854
40.500833,59.6275,136.5-00.3,8.7,PBD 855
42.975833,62.156111,136.5+02.5,1.3,PBD 856
42.338333,60.633889,136.9+01.0,6.1,PBD 857
42.534583,59.695556,137.4+00.2,0.9,PBD 858
45.78625,60.428611,138.5+01.6,4.1,PBD 859
50.442917,54.854167,143.5-01.9,6.8,PBD 860
58.03,53.477222,147.9-00.4,26.4,PBD 861
60.000417,53.935556,148.5+00.7,3.6,PBD 862
59.382083,53.197222,148.7-00.1,12.4,PBD 863
60.877083,51.349722,150.6-00.9,4.1,PBD 864
64.938333,52.992778,151.3+02.0,2.6,PBD 865
62.704167,51.123611,151.6-00.3,7.5,PBD 866
62.812917,51.196944,151.6-00.2,3.1,PBD 867
67.845,52.475556,152.9+02.9,14.9,PBD 868
69.10875,50.888056,154.6+02.4,3.8,PBD 869
69.215,50.814167,154.7+02.4,12.5,PBD 870
70.184167,50.425833,155.4+02.6,9.5,PBD 871
65.109583,45.005,157.0-03.6,22.3,PBD 872
65.209583,44.934722,157.1-03.6,2.8,PBD 873
65.110833,44.298889,157.5-04.1,16.9,PBD 874
74.631667,48.034722,159.1+03.3,2.9,PBD 875
74.09375,47.364722,159.4+02.6,3.1,PBD 876
73.000417,45.595,160.3+00.9,2.7,PBD 877
81.826667,42.9325,166.2+04.4,44,PBD 878
81.784583,40.634167,168.1+03.1,3.9,PBD 879
79.9675,38.954722,168.7+01.0,4.6,PBD 880
78.365417,37.446111,169.2-00.9,4,PBD 881
82.202917,34.368056,173.5-00.1,4.8,PBD 882
80.575,33.332778,173.6-01.8,7.3,PBD 883
85.25125,35.852778,173.6+02.8,3.1,PBD 884
82.940417,34.170833,174.0+00.3,3.9,PBD 885
67.830833,18.123611,178.9-20.1,1.8,PBD 886
90.84,30.267222,180.8+04.0,3.9,PBD 887
90.9975,30.228889,180.9+04.1,24.1,PBD 888
91.7825,30.035,181.4+04.6,9.5,PBD 889
87.999167,26.983889,182.4+00.2,3.4,PBD 890
92.262917,21.6025,189.0+00.9,4.6,PBD 891
94.444167,22.701944,189.0+03.2,26.7,PBD 892
94.355417,22.431389,189.2+03.0,6.3,PBD 893
95.7975,22.910556,189.4+04.4,1.9,PBD 894
92.11625,20.611944,189.8+00.3,3.5,PBD 895
96.378333,20.153333,192.1+03.6,12.7,PBD 896
96.4275,20.064722,192.2+03.6,2.7,PBD 897
93.26875,18.014444,192.6-00.0,2.7,PBD 898
92.8675,17.463056,192.9-00.6,3.6,PBD 899
92.355417,16.28,193.7-01.6,14.8,PBD 900
92.2425,15.649167,194.2-02.0,23.3,PBD 901
80.339167,8.401389,194.6-15.7,2.5,PBD 902
80.389583,8.319167,194.7-15.7,22,PBD 903
94.66875,15.328889,195.6-00.1,4.1,PBD 904
93.607083,13.864722,196.4-01.7,3.5,PBD 905
93.655833,13.776667,196.5-01.7,11.8,PBD 906
92.540417,12.843333,196.8-03.1,1.9,PBD 907
86.108333,9.175556,196.9-10.4,0.9,PBD 908
93.66,12.301111,197.8-02.4,10.4,PBD 909
93.75,12.348611,197.8-02.3,3.8,PBD 910
100.277083,9.617778,203.2+02.1,3,PBD 911
85.374583,-1.895278,206.5-16.4,3.3,PBD 912
85.59625,-1.887222,206.6-16.2,3.3,PBD 913
83.809583,-4.745556,208.4-19.1,7.7,PBD 914
98.611667,2.576111,208.7-02.6,7.7,PBD 915
83.845833,-5.256944,208.9-19.3,2.5,PBD 916
83.799167,-5.386389,209.0-19.4,5.8,PBD 917
99.572917,0.711111,210.8-02.6,4.5,PBD 918
101.179167,1.086389,211.2-01.0,2,PBD 919
101.8475,1.316667,211.3-00.3,2.5,PBD 920
101.320417,0.372222,211.9-01.2,3.9,PBD 921
91.944167,-6.377778,213.7-12.6,4,PBD 922
103.78875,0.4975,213.8+00.6,2.2,PBD 923
104.350417,-2.906667,216.2-00.0,2.6,PBD 924
104.952917,-4.733889,218.1-00.3,6.8,PBD 925
101.465417,-7.399167,218.9-04.6,7.9,PBD 926
104.445417,-7.913889,220.7-02.2,0.1,PBD 927
104.2675,-8.228333,220.9-02.5,5,PBD 928
105.131667,-8.801111,221.8-02.0,2.5,PBD 929
106.197917,-10.845556,224.1-02.0,9.7,PBD 930
105.42875,-11.345556,224.2-02.9,3,PBD 931
109.128333,-9.456111,224.2+01.2,4.4,PBD 932
107.579583,-18.4675,231.5-04.3,6.2,PBD 933
112.535,-18.578056,233.8-00.2,3.6,PBD 934
112.603333,-19.1125,234.3-00.4,9.8,PBD 935
112.941667,-19.279444,234.6-00.2,7.6,PBD 936
118.145,-26.4475,243.2+00.4,7.5,PBD 937
124.048333,-35.559722,253.6-00.2,45,PBD 938
125.220833,-36.243889,254.7+00.2,1.4,PBD 939
126.043333,-43.108611,260.7-03.2,8.2,PBD 940
131.41375,-43.815,263.6-00.5,1,PBD 941
134.1525,-43.081944,264.3+01.5,2,PBD 942
134.870417,-43.688056,265.1+01.5,2.4,PBD 943
134.96125,-43.763611,265.2+01.5,2.6,PBD 944
134.81125,-47.300278,267.8-00.9,7.8,PBD 945
134.684583,-47.506667,267.9-01.1,2.7,PBD 946
134.781667,-47.582222,268.0-01.1,1.6,PBD 947
134.893333,-47.516667,268.0-01.0,5,PBD 948
135.605833,-47.760556,268.5-00.8,3.2,PBD 949
135.866667,-48.408333,269.1-01.1,3.7,PBD 950
135.628333,-48.682222,269.2-01.4,6.1,PBD 951
135.817083,-48.973056,269.5-01.5,3.1,PBD 952
139.180417,-47.992222,270.3+00.8,5.8,PBD 953
141.1525,-51.953611,274.0-01.1,2.9,PBD 954
84.61625,-69.041111,279.4-31.7,4.5,PBD 955
149.795833,-56.848056,281.0-01.5,4.8,PBD 956
149.97625,-57.048889,281.2-01.6,1.4,PBD 957
151.22125,-56.8075,281.6-01.0,2.5,PBD 958
151.598333,-57.205,282.0-01.2,2.9,PBD 959
152.005833,-57.240556,282.2-01.1,10.2,PBD 960
151.3925,-57.866389,282.3-01.8,10.9,PBD 961
152.82375,-57.308333,282.6-00.9,8.7,PBD 962
153.482917,-57.675,283.1-01.0,5,PBD 963
153.7925,-57.7875,283.3-01.0,4.5,PBD 964
154.209583,-57.455556,283.3-00.6,5.2,PBD 965
154.104167,-57.899167,283.5-01.0,7.1,PBD 966
154.995,-58.091667,284.0-00.9,9,PBD 967
155.663333,-57.725833,284.1-00.4,6,PBD 968
156.08,-57.748333,284.3-00.3,6.6,PBD 969
156.767917,-57.154167,284.3+00.4,8.8,PBD 970
156.35875,-58.077222,284.6-00.5,4.6,PBD 971
156.656667,-57.8225,284.6-00.2,7.3,PBD 972
157.303333,-57.448056,284.7+00.3,1.3,PBD 973
157.883333,-58.099444,285.3-00.1,1.7,PBD 974
157.979583,-58.013333,285.3-00.0,1.7,PBD 975
159.2725,-58.637222,286.2-00.2,10.7,PBD 976
158.344167,-59.863889,286.4-01.5,3.4,PBD 977
158.544167,-59.691111,286.4-01.3,3.4,PBD 978
159.795,-59.59,286.9-00.9,9.7,PBD 979
160.504583,-59.558889,287.2-00.7,8.6,PBD 980
161.24125,-58.853333,287.2+00.1,7.4,PBD 981
161.509583,-58.587778,287.2+00.4,4.7,PBD 982
160.489583,-59.7825,287.3-00.9,5.2,PBD 983
160.945417,-59.565556,287.4-00.6,7,PBD 984
161.12,-59.6125,287.5-00.6,6,PBD 985
161.015833,-59.924444,287.6-00.9,6.9,PBD 986
161.470417,-59.705556,287.7-00.6,3,PBD 987
161.462083,-59.929167,287.8-00.8,3.5,PBD 988
161.546667,-60.064167,287.9-00.9,6.2,PBD 989
161.639167,-59.975556,287.9-00.8,9.9,PBD 990
161.816667,-60.021389,288.0-00.8,10.2,PBD 991
164.149583,-60.150556,289.1-00.4,4.2,PBD 992
164.752083,-61.171667,289.8-01.2,7.4,PBD 993
164.83875,-61.080833,289.8-01.1,6.9,PBD 994
165.282917,-60.849444,289.9-00.8,4.9,PBD 995
166.41375,-61.091944,290.5-00.8,10.2,PBD 996
167.473333,-60.1175,290.6+00.3,8.5,PBD 997
168.218333,-59.729444,290.8+00.8,1.3,PBD 998
167.561667,-61.325,291.1-00.8,4.4,PBD 999
168.142917,-60.899444,291.2-00.3,5.3,PBD 1000
168.02625,-61.307778,291.3-00.7,1.2,PBD 1001
168.866667,-60.823611,291.5-00.1,5.6,PBD 1002
168.759583,-61.2325,291.6-00.5,6.3,PBD 1003
168.9975,-61.491389,291.8-00.7,1.3,PBD 1004
168.96625,-61.807222,291.9-01.0,10.8,PBD 1005
169.193333,-61.527222,291.9-00.7,1.4,PBD 1006
171.055833,-59.307778,292.0+01.7,4.9,PBD 1007
171.165417,-62.186667,293.0-01.0,1.5,PBD 1008
172.18375,-62.663611,293.6-01.3,10.7,PBD 1009
172.185417,-62.979722,293.7-01.6,0.9,PBD 1010
172.545833,-63.769444,294.1-02.3,0.9,PBD 1011
174.383333,-63.498889,294.8-01.8,12,PBD 1012
174.446667,-63.402778,294.8-01.7,4,PBD 1013
174.875833,-63.458333,295.0-01.7,5.3,PBD 1014
175.151667,-63.389444,295.1-01.6,9.6,PBD 1015
175.737083,-62.425556,295.1-00.6,7.9,PBD 1016
175.945417,-62.451667,295.2-00.6,8.9,PBD 1017
177.410833,-62.213056,295.8-00.2,9.5,PBD 1018
178.7125,-63.173889,296.6-01.0,8,PBD 1019
180.754583,-63.16,297.5-00.8,4.4,PBD 1020
181.11,-63.393333,297.7-01.0,1.9,PBD 1021
181.150417,-63.295,297.7-00.9,0.9,PBD 1022
182.284167,-63.2825,298.2-00.8,1.4,PBD 1023
182.462917,-62.789167,298.2-00.3,2.7,PBD 1024
183.3925,-62.652778,298.6-00.1,5.4,PBD 1025
183.762083,-62.879444,298.8-00.3,4.7,PBD 1026
184.25875,-61.195556,298.8+01.4,0.4,PBD 1027
183.949167,-62.9925,298.9-00.4,4.1,PBD 1028
184.312917,-62.510556,299.0+00.1,5,PBD 1029
184.341667,-62.411389,299.0+00.2,1.8,PBD 1030
185.06875,-62.957778,299.4-00.3,1.4,PBD 1031
187.49875,-62.970556,300.5-00.2,5,PBD 1032
188.79125,-61.610833,301.0+01.2,1.4,PBD 1033
188.975833,-61.816667,301.1+01.0,1.4,PBD 1034
190.464583,-61.750833,301.8+01.1,8.6,PBD 1035
190.813333,-62.856944,302.0-00.0,1.3,PBD 1036
191.885833,-63.568611,302.5-00.7,7.8,PBD 1037
192.35125,-62.670833,302.7+00.2,8.7,PBD 1038
192.579167,-61.571667,302.8+01.3,2.6,PBD 1039
193.23625,-63.771389,303.1-00.9,6.1,PBD 1040
193.91125,-63.668056,303.4-00.8,0.9,PBD 1041
194.1325,-63.566389,303.5-00.7,10.8,PBD 1042
194.127917,-63.466389,303.5-00.6,0.9,PBD 1043
195.030417,-63.555556,303.9-00.7,0.9,PBD 1044
194.985833,-62.955833,303.9-00.1,3.4,PBD 1045
197.58625,-62.692222,305.1+00.1,5.3,PBD 1046
197.570417,-62.5925,305.1+00.2,6.6,PBD 1047
197.88875,-63.183333,305.2-00.4,5.4,PBD 1048
197.820417,-62.784444,305.2+00.0,4.8,PBD 1049
197.787083,-62.585,305.2+00.2,5.8,PBD 1050
198.00375,-62.577222,305.3+00.2,6,PBD 1051
198.22,-62.569167,305.4+00.2,3.6,PBD 1052
198.474167,-62.76,305.5+00.0,7.4,PBD 1053
198.4175,-62.461111,305.5+00.3,3,PBD 1054
198.691667,-62.751111,305.6-00.0,4.8,PBD 1055
198.597917,-61.148611,305.7+01.6,6.5,PBD 1056
199.1475,-62.831944,305.8-00.1,8.4,PBD 1057
199.105,-62.632778,305.8+00.1,6.7,PBD 1058
200.31125,-63.076944,306.3-00.4,2.5,PBD 1059
200.185833,-62.580278,306.3+00.1,7.2,PBD 1060
203.217083,-63.095833,307.6-00.6,1.4,PBD 1061
203.112083,-62.799722,307.6-00.3,4.8,PBD 1062
204.227083,-62.815,308.1-00.4,1.3,PBD 1063
204.89625,-61.741111,308.6+00.6,4.7,PBD 1064
205.30625,-62.213056,308.7+00.1,5.3,PBD 1065
205.10375,-61.722222,308.7+00.6,3.7,PBD 1066
205.643333,-62.488056,308.8-00.2,1.8,PBD 1067
205.64125,-61.468333,309.0+00.8,0.4,PBD 1068
206.1025,-62.036111,309.1+00.2,7.6,PBD 1069
206.58125,-62.602222,309.2-00.4,1.3,PBD 1070
206.49,-62.406667,309.2-00.2,0.9,PBD 1071
207.362083,-62.83,309.5-00.7,3.8,PBD 1072
206.474583,-60.465,309.6+01.7,8.4,PBD 1073
206.672917,-60.443889,309.7+01.7,27.1,PBD 1074
207.702083,-62.027778,309.8-00.1,3.6,PBD 1075
206.870833,-60.039167,309.8+01.7,5.4,PBD 1076
207.667083,-61.068056,309.9+00.4,4.5,PBD 1077
208.53375,-62.084167,310.2-00.1,6.8,PBD 1078
208.99625,-61.07,310.5+00.2,1.8,PBD 1079
209.675833,-62.153333,310.7-00.3,2.2,PBD 1080
210.145417,-62.197778,310.9-00.4,3.6,PBD 1081
209.905,-61.399444,311.0+00.4,5.4,PBD 1082
210.500417,-62.047778,311.1-00.3,5.7,PBD 1083
210.087917,-60.961111,311.2+00.8,6.9,PBD 1084
210.73625,-61.704722,311.3-00.0,9.3,PBD 1085
210.67875,-61.608611,311.3+00.1,3.1,PBD 1086
211.44,-62.129444,311.5-00.5,5.7,PBD 1087
211.379583,-62.033611,311.5-00.4,2.7,PBD 1088
210.909167,-61.265278,311.5+00.4,5,PBD 1089
211.70625,-62.196667,311.6-00.6,7.8,PBD 1090
211.166667,-61.333611,311.6+00.3,1.3,PBD 1091
210.65625,-60.468611,311.6+01.2,0.4,PBD 1092
211.929583,-61.851667,311.8-00.3,0.9,PBD 1093
212.07,-61.726944,311.9-00.2,4,PBD 1094
211.88625,-61.44,311.9+00.1,3.1,PBD 1095
211.825833,-61.344167,311.9+00.2,4,PBD 1096
212.162917,-61.190278,312.1+00.3,2.1,PBD 1097
212.93875,-61.7025,312.3-00.3,4.4,PBD 1098
213.21375,-61.134444,312.6+00.2,1.3,PBD 1099
214.002083,-61.324722,312.9-00.1,0.4,PBD 1100
214.403333,-61.576111,313.0-00.4,3.8,PBD 1101
214.777083,-60.877778,313.4+00.2,5.5,PBD 1102
214.970833,-60.844444,313.5+00.2,2.7,PBD 1103
214.49125,-59.867778,313.6+01.2,0.4,PBD 1104
215.202917,-60.2725,313.8+00.7,0.4,PBD 1105
215.375833,-59.9225,314.0+01.0,0.4,PBD 1106
216.561667,-61.199444,314.1-00.4,0.4,PBD 1107
215.910417,-60.3575,314.1+00.5,7.1,PBD 1108
216.459583,-60.79,314.2-00.0,0.4,PBD 1109
216.2425,-60.509722,314.2+00.3,4.3,PBD 1110
216.170833,-60.416111,314.2+00.4,4,PBD 1111
218.775833,-60.658611,315.3-00.3,1.9,PBD 1112
218.696667,-60.566389,315.3-00.2,2.2,PBD 1113
220.431667,-60.521389,316.1-00.5,0.4,PBD 1114
220.616667,-60.48,316.2-00.5,3.3,PBD 1115
221.242083,-60.668611,316.4-00.8,3.5,PBD 1116
220.900417,-60.305833,316.4-00.4,5.2,PBD 1117
221.374167,-59.865278,316.8-00.1,1.7,PBD 1118
221.289583,-59.774722,316.8-00.0,2,PBD 1119
221.395833,-59.418056,317.0+00.3,7.9,PBD 1120
222.0125,-59.379722,317.3+00.2,7.3,PBD 1121
221.9275,-59.289444,317.3+00.3,10,PBD 1122
223.066667,-59.786111,317.6-00.4,6.8,PBD 1123
222.89125,-59.159722,317.8+00.2,1.3,PBD 1124
224.13875,-59.960278,318.0-00.8,11.8,PBD 1125
224.046667,-59.871389,318.0-00.7,3.1,PBD 1126
224.04,-59.648056,318.1-00.5,1.3,PBD 1127
223.949167,-59.559167,318.1-00.4,1.8,PBD 1128
224.307083,-59.690278,318.2-00.6,2.7,PBD 1129
223.8475,-59.023056,318.3+00.1,1.3,PBD 1130
225.150417,-59.008333,318.9-00.2,3.1,PBD 1131
225.058333,-58.920278,318.9-00.1,1.3,PBD 1132
224.77375,-58.4325,319.0+00.4,2.2,PBD 1133
225.848333,-59.039722,319.2-00.4,6.4,PBD 1134
225.754167,-58.952222,319.2-00.3,8.4,PBD 1135
224.6525,-57.673611,319.3+01.1,0.4,PBD 1136
225.812083,-58.593056,319.4-00.0,4.2,PBD 1137
225.905833,-57.650833,319.9+00.8,3.2,PBD 1138
227.45625,-58.681111,320.1-00.5,5.2,PBD 1139
226.76375,-57.851944,320.2+00.4,3.9,PBD 1140
226.394167,-57.504167,320.2+00.8,2.4,PBD 1141
228.687083,-59.350833,320.3-01.4,5.3,PBD 1142
228.282083,-59.008889,320.3-01.0,10.2,PBD 1143
227.592917,-58.4075,320.3-00.3,3.6,PBD 1144
227.49625,-58.321111,320.3-00.2,2,PBD 1145
226.926667,-57.802222,320.3+00.4,0.9,PBD 1146
228.54875,-59.042778,320.4-01.1,7.2,PBD 1147
228.448333,-58.957222,320.4-01.0,5.7,PBD 1148
227.3725,-58.011667,320.4+00.1,4.7,PBD 1149
227.2775,-57.925278,320.4+00.2,2.2,PBD 1150
227.76375,-57.773611,320.7+00.2,9,PBD 1151
228.930833,-58.217778,321.0-00.5,3.5,PBD 1152
229.0925,-58.165278,321.1-00.5,4.2,PBD 1153
228.275417,-56.676667,321.5+01.0,0.4,PBD 1154
231.352917,-59.073611,321.6-01.9,0.4,PBD 1155
230.095417,-58.068611,321.6-00.7,0.9,PBD 1156
228.398333,-56.401944,321.7+01.2,1.4,PBD 1157
229.9075,-57.539444,321.8-00.2,0.4,PBD 1158
228.732083,-55.937778,322.1+01.5,1.3,PBD 1159
229.74125,-56.649444,322.2+00.6,1.2,PBD 1160
231.72125,-58.1025,322.3-01.2,0.9,PBD 1161
230.441667,-56.878889,322.4+00.2,4.4,PBD 1162
230.595417,-56.824444,322.5+00.2,1.8,PBD 1163
231.40625,-57.132222,322.7-00.3,0.4,PBD 1164
232.515,-56.600556,323.5-00.2,0.4,PBD 1165
232.9025,-56.208056,323.9+00.0,0.4,PBD 1166
234.251667,-56.906111,324.1-01.0,6.7,PBD 1167
234.144167,-56.825278,324.1-00.9,1.3,PBD 1168
232.990833,-55.929444,324.1+00.2,4,PBD 1169
233.239583,-55.953889,324.2+00.1,1.3,PBD 1170
233.136667,-55.871944,324.2+00.2,4.4,PBD 1171
234.8825,-56.029444,324.9-00.5,2.2,PBD 1172
235.132917,-56.05,325.0-00.6,6.2,PBD 1173
235.02875,-55.47,325.3-00.1,0.9,PBD 1174
234.507083,-55.067778,325.3+00.4,0.4,PBD 1175
233.61375,-53.838889,325.6+01.7,0.4,PBD 1176
236.360417,-55.145,326.1-00.3,8.1,PBD 1177
238.043333,-56.178889,326.2-01.7,40.4,PBD 1178
235.138333,-54.05,326.2+01.0,8.8,PBD 1179
235.582917,-54.229722,326.3+00.7,12.8,PBD 1180
236.88125,-55.039167,326.4-00.4,8.8,PBD 1181
235.512917,-54.009722,326.4+00.9,0.9,PBD 1182
235.648333,-53.949444,326.5+00.9,0.9,PBD 1183
237.262917,-54.993333,326.6-00.5,8,PBD 1184
236.09375,-54.126944,326.6+00.6,3.3,PBD 1185
237.507917,-55.009167,326.7-00.6,7.1,PBD 1186
237.399167,-54.931111,326.7-00.5,7.1,PBD 1187
236.22875,-54.066111,326.7+00.6,3.3,PBD 1188
237.13125,-54.415278,326.9-00.0,8.9,PBD 1189
237.587917,-54.5875,327.0-00.3,4,PBD 1190
237.48,-54.509444,327.0-00.2,9.3,PBD 1191
237.265417,-54.353056,327.0+00.0,7.8,PBD 1192
238.735833,-55.080556,327.2-01.1,1.8,PBD 1193
238.316667,-54.631111,327.3-00.6,4.9,PBD 1194
238.2075,-54.553889,327.3-00.5,0.9,PBD 1195
237.24125,-53.853333,327.3+00.4,5.3,PBD 1196
236.64375,-53.241667,327.4+01.1,0.4,PBD 1197
238.496667,-54.286111,327.6-00.4,4.6,PBD 1198
238.76,-54.158611,327.8-00.4,4.5,PBD 1199
238.219167,-53.772778,327.8+00.1,9.8,PBD 1200
238.695833,-53.8,328.0-00.1,3.4,PBD 1201
237.246667,-52.572778,328.1+01.4,0.4,PBD 1202
239.502083,-54.054444,328.2-00.6,2.2,PBD 1203
239.631667,-53.989722,328.3-00.6,4.6,PBD 1204
238.548333,-53.223611,328.3+00.4,3,PBD 1205
239.907917,-53.718889,328.6-00.5,3.7,PBD 1206
238.219167,-52.351667,328.7+01.2,0.4,PBD 1207
239.725833,-53.285,328.8-00.1,4.6,PBD 1208
239.6175,-53.208889,328.8-00.0,0.9,PBD 1209
238.974583,-52.750278,328.8+00.6,2.5,PBD 1210
239.33375,-52.698056,329.0+00.5,0.4,PBD 1211
240.032083,-52.731667,329.3+00.2,0.9,PBD 1212
240.265,-52.741944,329.4+00.1,4,PBD 1213
240.28125,-52.600833,329.5+00.2,5.7,PBD 1214
239.959583,-52.373889,329.5+00.5,0.4,PBD 1215
241.115833,-52.421389,330.0-00.0,3.1,PBD 1216
241.920833,-52.518333,330.3-00.4,3.5,PBD 1217
242.404583,-52.248611,330.7-00.4,5.5,PBD 1218
242.524583,-52.180833,330.8-00.4,9.8,PBD 1219
242.644167,-52.112778,330.9-00.4,2.7,PBD 1220
242.5425,-51.898056,331.0-00.2,6,PBD 1221
242.993333,-52.049722,331.1-00.5,3.1,PBD 1222
243.008333,-51.766944,331.3-00.3,3.1,PBD 1223
242.898333,-51.693889,331.3-00.2,2.3,PBD 1224
242.796667,-51.479444,331.4-00.0,3.4,PBD 1225
242.254167,-51.112222,331.4+00.5,6.2,PBD 1226
241.614167,-50.668056,331.4+01.1,4.8,PBD 1227
243.023333,-51.484444,331.5-00.1,3.3,PBD 1228
244.162917,-51.360833,332.1-00.5,4.5,PBD 1229
244.051667,-51.288889,332.1-00.4,3,PBD 1230
244.277917,-51.291389,332.2-00.5,1.1,PBD 1231
244.178333,-50.795278,332.5-00.1,4,PBD 1232
243.959167,-50.651111,332.5+00.1,6.2,PBD 1233
244.959167,-51.013333,332.7-00.6,4.4,PBD 1234
245.97625,-51.508333,332.8-01.4,8.1,PBD 1235
245.072083,-50.943056,332.8-00.6,5.3,PBD 1236
245.074583,-50.660278,333.0-00.4,4.3,PBD 1237
243.766667,-49.799722,333.0+00.8,2.6,PBD 1238
242.505,-48.925278,333.0+02.0,11,PBD 1239
245.186667,-50.589722,333.1-00.4,5.3,PBD 1240
244.855,-50.376389,333.1-00.1,1.8,PBD 1241
244.966667,-50.306111,333.2-00.1,5.6,PBD 1242
245.409583,-50.448611,333.3-00.4,3.6,PBD 1243
245.52,-50.095278,333.6-00.2,1.2,PBD 1244
245.41,-50.024444,333.6-00.1,4.3,PBD 1245
245.9625,-50.235556,333.7-00.5,5.1,PBD 1246
245.845833,-49.458056,334.2+00.1,7,PBD 1247
245.41125,-48.751667,334.5+00.8,5.8,PBD 1248
247.2675,-49.656944,334.7-00.7,1.4,PBD 1249
246.6025,-49.241111,334.7-00.1,4.9,PBD 1250
247.65375,-48.518611,335.7-00.1,4.5,PBD 1251
247.867083,-48.514444,335.8-00.2,4.1,PBD 1252
247.757083,-48.445833,335.8-00.1,4.4,PBD 1253
247.538333,-48.308611,335.8+00.1,10,PBD 1254
247.744167,-48.163056,336.0+00.1,1.8,PBD 1255
247.635417,-48.094444,336.0+00.2,7.1,PBD 1256
248.591667,-48.143056,336.4-00.3,4.8,PBD 1257
248.481667,-48.075278,336.4-00.2,4.8,PBD 1258
248.371667,-48.007222,336.4-00.1,5.4,PBD 1259
250.036667,-48.873611,336.5-01.5,1.3,PBD 1260
248.582917,-48.001667,336.5-00.2,4.2,PBD 1261
248.36375,-47.866111,336.5+00.0,4.7,PBD 1262
249.898333,-48.524722,336.7-01.2,10,PBD 1263
248.456667,-47.651389,336.7+00.1,7,PBD 1264
248.666667,-47.645556,336.8+00.0,8.1,PBD 1265
248.87625,-47.639444,336.9-00.1,4.7,PBD 1266
249.185417,-47.558889,337.1-00.2,3.6,PBD 1267
250.171667,-48.018056,337.2-01.0,2.4,PBD 1268
249.274583,-47.343611,337.3-00.1,4,PBD 1269
249.69125,-47.328611,337.5-00.3,2.6,PBD 1270
249.570417,-47.120833,337.6-00.1,7.2,PBD 1271
249.46125,-47.053889,337.6+00.0,4.6,PBD 1272
249.668333,-47.046389,337.7-00.1,5,PBD 1273
249.559167,-46.979444,337.7-00.0,10,PBD 1274
250.302917,-47.1625,337.9-00.5,1.8,PBD 1275
249.96125,-46.8225,338.0-00.1,7.4,PBD 1276
250.1675,-46.814167,338.1-00.2,4,PBD 1277
250.057917,-46.747778,338.1-00.1,3.1,PBD 1278
249.949167,-46.681389,338.1+00.0,6.2,PBD 1279
250.456667,-46.588889,338.4-00.2,1.9,PBD 1280
250.238333,-46.456944,338.4+00.0,6.6,PBD 1281
250.129583,-46.390556,338.4+00.1,7.7,PBD 1282
250.02125,-46.324167,338.4+00.2,6.2,PBD 1283
249.877917,-45.834167,338.7+00.6,5.6,PBD 1284
250.824167,-46.146667,338.9-00.1,2.4,PBD 1285
250.068333,-45.684722,338.9+00.6,4.1,PBD 1286
251.340833,-46.191667,339.1-00.4,7.6,PBD 1287
251.122083,-46.061111,339.1-00.2,4.8,PBD 1288
250.87625,-45.648056,339.3+00.2,6.5,PBD 1289
250.660417,-45.516667,339.3+00.4,1.9,PBD 1290
251.48125,-45.616667,339.6-00.1,4.9,PBD 1291
251.234167,-45.204444,339.8+00.3,3.6,PBD 1292
252.39625,-45.634167,340.0-00.6,3.2,PBD 1293
252.068333,-45.441389,340.0-00.3,6,PBD 1294
252.05125,-45.300278,340.1-00.2,2.2,PBD 1295
251.388333,-44.770556,340.2+00.5,7.8,PBD 1296
252.234167,-45.147222,340.3-00.2,2.7,PBD 1297
253.561667,-45.271111,340.8-01.0,3.6,PBD 1298
252.758333,-44.545833,341.0-00.1,9.9,PBD 1299
252.955833,-44.5325,341.1-00.2,3.9,PBD 1300
252.8475,-44.468611,341.1-00.1,2.7,PBD 1301
253.153333,-44.518611,341.2-00.3,2.2,PBD 1302
253.242083,-44.441389,341.3-00.3,6.8,PBD 1303
251.35875,-42.645,341.8+01.9,24.8,PBD 1304
253.320417,-43.583056,342.0+00.2,5.5,PBD 1305
253.107083,-43.456111,342.0+00.4,1.3,PBD 1306
253.194167,-43.378889,342.1+00.4,1.3,PBD 1307
253.474583,-43.287222,342.3+00.3,8.4,PBD 1308
253.881667,-43.398333,342.4-00.0,5.9,PBD 1309
253.56125,-43.209722,342.4+00.3,10,PBD 1310
254.91,-43.099722,343.1-00.4,10,PBD 1311
255.102083,-43.082778,343.2-00.5,1.8,PBD 1312
254.84125,-42.678611,343.4-00.1,10.5,PBD 1313
254.81875,-42.538056,343.5-00.0,4.5,PBD 1314
255.795,-42.591111,343.9-00.6,1.4,PBD 1315
256.0425,-42.353056,344.2-00.6,5.5,PBD 1316
255.56625,-41.828611,344.4+00.0,1.4,PBD 1317
256.369583,-42.035,344.6-00.6,23.7,PBD 1318
256.02375,-41.713056,344.7-00.2,0.4,PBD 1319
254.120417,-40.463056,344.8+01.7,14,PBD 1320
254.2025,-40.385,344.9+01.7,5.8,PBD 1321
256.267083,-41.474444,345.0-00.2,4,PBD 1322
254.49,-40.431389,345.0+01.5,10.6,PBD 1323
256.347917,-41.394722,345.1-00.2,10,PBD 1324
257.06875,-41.675833,345.2-00.8,9,PBD 1325
256.961667,-41.615833,345.2-00.7,9,PBD 1326
255.169167,-40.583333,345.2+01.0,1.9,PBD 1327
254.73375,-40.196111,345.3+01.5,4.3,PBD 1328
257.443333,-41.634444,345.4-01.0,8.5,PBD 1329
257.335833,-41.575,345.4-00.9,1.3,PBD 1330
254.9175,-40.179444,345.4+01.4,1.8,PBD 1331
256.246667,-40.834444,345.5+00.2,1.3,PBD 1332
256.141667,-40.773611,345.5+00.3,3,PBD 1333
256.537083,-40.875556,345.6+00.0a,7.8,PBD 1334
256.537083,-40.875556,345.6+00.0b,7.8,PBD 1335
256.69625,-40.715833,345.8+00.0,4.2,PBD 1336
256.93375,-40.476111,346.1-00.0,5.9,PBD 1337
257.1175,-40.455833,346.2-00.1,8.8,PBD 1338
257.2475,-40.155278,346.5+00.0,7.8,PBD 1339
257.1425,-40.095556,346.5+00.1,1.3,PBD 1340
257.789167,-39.592222,347.2+00.0,22,PBD 1341
257.629583,-39.253611,347.4+00.3,6.5,PBD 1342
257.886667,-39.151389,347.6+00.2,4.6,PBD 1343
259.329167,-39.83,347.7-01.1,1.1,PBD 1344
259.404167,-39.748333,347.8-01.1,10,PBD 1345
258.740833,-39.260833,347.9-00.4,0.9,PBD 1346
258.3225,-39.026944,347.9+00.0,3.3,PBD 1347
258.218333,-38.968056,347.9+00.1,5,PBD 1348
258.920833,-39.237778,348.0-00.5,0.4,PBD 1349
258.815833,-39.179722,348.0-00.4,1.3,PBD 1350
259.5975,-39.363889,348.2-01.0,1.3,PBD 1351
258.03,-38.49,348.2+00.5,5,PBD 1352
259.472917,-38.806667,348.6-00.6,11.8,PBD 1353
259.9675,-38.954722,348.7-01.0,2.9,PBD 1354
259.025417,-38.435833,348.7-00.1,4.3,PBD 1355
259.216667,-38.051944,349.1+00.0,6,PBD 1356
259.113333,-37.993889,349.1+00.1,4.2,PBD 1357
258.484583,-37.144444,349.5+01.0,1.3,PBD 1358
258.382917,-37.085833,349.5+01.1,2.3,PBD 1359
260.349167,-37.823056,349.8-00.6,5.1,PBD 1360
260.245417,-37.766111,349.8-00.5,3.5,PBD 1361
261.68125,-38.416389,349.9-01.8,19.3,PBD 1362
260.182083,-37.487778,350.0-00.3,7,PBD 1363
259.84125,-37.176944,350.1+00.1,2.9,PBD 1364
259.985,-37.013056,350.3+00.1,4.9,PBD 1365
259.210833,-36.331389,350.5+01.0,4.7,PBD 1366
259.38375,-36.307778,350.6+00.9,4.9,PBD 1367
259.282917,-36.25,350.6+01.0,10.9,PBD 1368
260.681667,-36.911944,350.7-00.3,4.9,PBD 1369
260.546667,-36.716111,350.8-00.1,0.9,PBD 1370
260.44375,-36.659444,350.8-00.0,1.3,PBD 1371
261.1325,-36.916111,350.9-00.6,8,PBD 1372
261.2025,-36.833611,351.0-00.6,9,PBD 1373
261.099583,-36.777222,351.0-00.5,10,PBD 1374
259.871667,-36.095556,351.0+00.7,6.9,PBD 1375
260.21625,-36.045833,351.2+00.5,4.6,PBD 1376
260.592083,-36.134167,351.3+00.2,0.9,PBD 1377
260.255833,-35.824722,351.4+00.6,8.8,PBD 1378
260.154583,-35.7675,351.4+00.7,8.2,PBD 1379
261.44875,-36.363611,351.5-00.5,3.7,PBD 1380
262.345833,-36.725278,351.6-01.3,3.1,PBD 1381
262.241667,-36.67,351.6-01.2,5.2,PBD 1382
261.312917,-36.168611,351.6-00.3,1,PBD 1383
260.802083,-35.886944,351.6+00.2,4.2,PBD 1384
262.310833,-36.586667,351.7-01.2,7.3,PBD 1385
260.567083,-35.634722,351.7+00.5,3.5,PBD 1386
261.592083,-35.476667,352.3-00.1,0.7,PBD 1387
261.49,-35.420833,352.3-00.0,7.1,PBD 1388
261.660417,-35.393611,352.4-00.1,7,PBD 1389
259.524167,-34.063889,352.5+02.1,5.9,PBD 1390
261.89875,-35.283333,352.6-00.2,1.2,PBD 1391
261.797083,-35.2275,352.6-00.1,9.5,PBD 1392
261.594167,-35.116111,352.6+00.1,0.7,PBD 1393
261.662083,-35.033056,352.7+00.1,4.6,PBD 1394
260.624583,-34.331944,352.8+01.2,7,PBD 1395
260.524583,-34.275,352.8+01.3,10,PBD 1396
262.1025,-35.033889,352.9-00.2,5,PBD 1397
261.06125,-34.336111,353.0+00.9,6,PBD 1398
261.731667,-34.589444,353.1+00.3,7.3,PBD 1399
261.630833,-34.533889,353.1+00.4,9.8,PBD 1400
261.43,-34.421944,353.1+00.6,12,PBD 1401
261.329583,-34.365833,353.1+00.7,12.5,PBD 1402
261.3975,-34.283056,353.2+00.7,10.9,PBD 1403
261.197083,-34.170833,353.2+00.9,4.7,PBD 1404
262.6425,-34.7275,353.4-00.4,5,PBD 1405
262.337917,-34.561944,353.4-00.1,7,PBD 1406
261.733333,-34.228889,353.4+00.5,2.4,PBD 1407
262.304167,-34.423333,353.5-00.0,2.2,PBD 1408
262.472083,-34.395278,353.6-00.1,5,PBD 1409
262.370833,-34.34,353.6-00.0,6.8,PBD 1410
262.870417,-33.894167,354.2-00.1,2.7,PBD 1411
262.77,-33.839167,354.2-00.0,3.7,PBD 1412
263.370417,-33.806667,354.5-00.4,17,PBD 1413
262.867083,-33.533611,354.5+00.1,2.7,PBD 1414
262.898333,-33.311389,354.7+00.2,3.3,PBD 1415
262.798333,-33.256667,354.7+00.3,0.5,PBD 1416
262.59875,-33.146667,354.7+00.5,4.2,PBD 1417
262.929167,-33.089444,354.9+00.3,1,PBD 1418
263.324583,-32.947222,355.2+00.1,8.4,PBD 1419
263.389167,-32.863333,355.3+00.1,8.4,PBD 1420
263.582917,-32.611389,355.6+00.1,0.4,PBD 1421
263.38375,-32.502778,355.6+00.3,0.9,PBD 1422
263.747083,-32.581667,355.7-00.0,0.9,PBD 1423
263.372917,-31.781667,356.2+00.7,2.6,PBD 1424
264.329583,-32.183889,356.3-00.2,3,PBD 1425
264.22125,-31.769722,356.6+00.1,4.6,PBD 1426
264.122083,-31.715833,356.6+00.2,0.9,PBD 1427
266.27875,-31.800556,357.5-01.4,7.8,PBD 1428
265.390833,-30.745,358.0-00.2,1.5,PBD 1429
267.226667,-31.238056,358.4-01.8,10,PBD 1430
265.659583,-30.1825,358.6-00.1,1.7,PBD 1431
265.804167,-29.789722,359.0-00.0,19.4,PBD 1432
266.750833,-30.174167,359.1-00.9,10.9,PBD 1433
265.925,-29.619444,359.2-00.0,4.1,PBD 1434
266.771667,-29.951389,359.3-00.8,1.8,PBD 1435
266.279583,-29.691111,359.3-00.3,1.6,PBD 1436
266.143333,-29.501389,359.4-00.1,6.3,PBD 1437
266.203333,-29.416111,359.5-00.1,6.2,PBD 1438
266.459167,-29.435278,359.6-00.3,5.4,PBD 1439
266.617083,-29.401667,359.7-00.4,2.4,PBD 1440
266.4425,-29.075,359.9-00.1,3.7,PBD 1441
266.345,-29.022778,359.9-00.0,4.2,PBD 1442
